product_id,store_id,date,sales,revenue,stock,price,promo_type_1,promo_bin_1,promo_type_2
P0001,S0002,1/2/2017,0,0,8,6.25,PR14,,PR03
P0001,S0012,1/2/2017,1,5.3,0,6.25,PR14,,PR03
P0001,S0013,1/2/2017,2,10.59,0,6.25,PR14,,PR03
P0001,S0023,1/2/2017,0,0,6,6.25,PR14,,PR03
P0001,S0025,1/2/2017,0,0,1,6.25,PR14,,PR03
P0001,S0027,1/2/2017,0,0,7,6.25,PR14,,PR03
P0001,S0040,1/2/2017,0,0,19,6.25,PR14,,PR03
P0001,S0049,1/2/2017,0,0,8,6.25,PR14,,PR03
P0001,S0050,1/2/2017,0,0,5,6.25,PR14,,PR03
P0001,S0051,1/2/2017,0,0,6,6.25,PR14,,PR03
P0001,S0055,1/2/2017,0,0,6,6.25,PR14,,PR03
P0001,S0056,1/2/2017,1,5.3,6,6.25,PR14,,PR03
P0001,S0062,1/2/2017,0,0,2,6.25,PR14,,PR03
P0001,S0063,1/2/2017,0,0,7,6.25,PR14,,PR03
P0001,S0066,1/2/2017,0,0,1,6.25,PR14,,PR03
P0001,S0078,1/2/2017,0,0,6,6.25,PR14,,PR03
P0001,S0082,1/2/2017,0,0,4,6.25,PR14,,PR03
P0001,S0083,1/2/2017,0,0,10,6.25,PR14,,PR03
P0001,S0087,1/2/2017,0,0,10,6.25,PR14,,PR03
P0001,S0094,1/2/2017,0,0,6,6.25,PR14,,PR03
P0001,S0096,1/2/2017,0,0,2,6.25,PR14,,PR03
P0001,S0102,1/2/2017,0,0,7,6.25,PR14,,PR03
P0001,S0103,1/2/2017,1,5.3,10,6.25,PR14,,PR03
P0001,S0104,1/2/2017,0,0,22,6.25,PR14,,PR03
P0001,S0105,1/2/2017,0,0,6,6.25,PR14,,PR03
P0001,S0106,1/2/2017,1,5.3,3,6.25,PR14,,PR03
P0001,S0107,1/2/2017,0,0,2,6.25,PR14,,PR03
P0001,S0108,1/2/2017,0,0,7,6.25,PR14,,PR03
P0001,S0110,1/2/2017,0,0,1,6.25,PR14,,PR03
P0001,S0115,1/2/2017,0,0,1,6.25,PR14,,PR03
P0001,S0122,1/2/2017,0,0,1,6.25,PR14,,PR03
P0001,S0125,1/2/2017,0,0,7,6.25,PR14,,PR03
P0001,S0131,1/2/2017,0,0,2,6.25,PR14,,PR03
P0001,S0132,1/2/2017,0,0,5,6.25,PR14,,PR03
P0001,S0142,1/2/2017,0,0,1,6.25,PR14,,PR03
P0004,S0006,1/2/2017,0,0,18,4.5,PR14,,PR03
P0004,S0019,1/2/2017,0,0,2,4.5,PR14,,PR03
P0004,S0038,1/2/2017,0,0,2,4.5,PR14,,PR03
P0004,S0044,1/2/2017,1,3.81,7,4.5,PR14,,PR03
P0004,S0085,1/2/2017,0,0,29,4.5,PR14,,PR03
P0015,S0126,1/2/2017,0,0,33,2.6,PR14,,PR03
P0015,S0130,1/2/2017,1,2.41,10,2.6,PR14,,PR03
P0015,S0131,1/2/2017,0,0,6,2.6,PR14,,PR03
P0015,S0132,1/2/2017,0,0,10,2.6,PR14,,PR03
P0015,S0135,1/2/2017,0,0,10,2.6,PR14,,PR03
P0015,S0138,1/2/2017,0,0,16,2.6,PR14,,PR03
P0015,S0140,1/2/2017,0,0,8,2.6,PR14,,PR03
P0015,S0141,1/2/2017,0,0,9,2.6,PR14,,PR03
P0015,S0142,1/2/2017,0,0,12,2.6,PR14,,PR03
P0015,S0143,1/2/2017,0,0,8,2.6,PR14,,PR03
P0016,S0032,1/2/2017,1,1.85,19,2,PR14,,PR03
P0017,S0001,1/2/2017,0,0,13,1.49,PR14,,PR03
P0017,S0002,1/2/2017,0,0,12,1.49,PR14,,PR03
P0017,S0004,1/2/2017,0,0,26,1.49,PR14,,PR03
P0017,S0008,1/2/2017,1,1.38,17,1.49,PR14,,PR03
P0017,S0010,1/2/2017,0,0,21,1.49,PR14,,PR03
P0017,S0012,1/2/2017,1,1.38,10,1.49,PR14,,PR03
P0017,S0013,1/2/2017,0,0,127,1.49,PR14,,PR03
P0017,S0015,1/2/2017,2,2.76,9,1.49,PR14,,PR03
P0017,S0018,1/2/2017,0,0,23,1.49,PR14,,PR03
P0017,S0020,1/2/2017,3,4.14,39,1.49,PR14,,PR03
P0017,S0022,1/2/2017,0,0,20,1.49,PR14,,PR03
P0017,S0023,1/2/2017,0,0,27,1.49,PR14,,PR03
P0017,S0024,1/2/2017,0,0,59,1.49,PR14,,PR03
P0017,S0025,1/2/2017,1,1.38,7,1.49,PR14,,PR03
P0017,S0026,1/2/2017,0,0,59,1.49,PR14,,PR03
P0017,S0027,1/2/2017,1,1.38,49,1.49,PR14,,PR03
P0017,S0031,1/2/2017,0,0,40,1.49,PR14,,PR03
P0017,S0035,1/2/2017,1,1.38,21,1.49,PR14,,PR03
P0185,S0090,3/11/2017,0,0,2,0.75,PR14,,PR03
P0185,S0091,3/11/2017,0,0,5,0.75,PR14,,PR03
P0185,S0093,3/11/2017,0,0,2,0.75,PR14,,PR03
P0185,S0094,3/11/2017,0,0,4,0.75,PR14,,PR03
P0185,S0095,3/11/2017,1,0.75,28,0.75,PR14,,PR03
P0185,S0096,3/11/2017,1,0.75,0,0.75,PR14,,PR03
P0185,S0097,3/11/2017,0,0,51,0.75,PR14,,PR03
P0185,S0102,3/11/2017,1,0.75,2,0.75,PR14,,PR03
P0185,S0103,3/11/2017,1,0.75,0,0.75,PR14,,PR03
P0185,S0104,3/11/2017,0,0,3,0.75,PR14,,PR03
P0185,S0106,3/11/2017,0,0,2,0.75,PR14,,PR03
P0185,S0107,3/11/2017,1,0.75,4,0.75,PR14,,PR03
P0185,S0108,3/11/2017,1,0.75,2,0.75,PR14,,PR03
P0185,S0110,3/11/2017,0,0,3,0.75,PR14,,PR03
P0185,S0113,3/11/2017,0,0,2,0.75,PR14,,PR03
P0185,S0115,3/11/2017,0,0,3,0.75,PR14,,PR03
P0185,S0116,3/11/2017,0,0,1,0.75,PR14,,PR03
P0185,S0117,3/11/2017,0,0,2,0.75,PR14,,PR03
P0185,S0119,3/11/2017,0,0,2,0.75,PR14,,PR03
P0185,S0120,3/11/2017,1,0.75,0,0.75,PR14,,PR03
P0185,S0122,3/11/2017,0,0,30,0.75,PR14,,PR03
P0185,S0123,3/11/2017,1,0.75,3,0.75,PR14,,PR03
P0185,S0124,3/11/2017,0,0,2,0.75,PR14,,PR03
P0185,S0125,3/11/2017,0,0,1,0.75,PR14,,PR03
P0185,S0126,3/11/2017,1,0.75,3,0.75,PR14,,PR03
P0185,S0127,3/11/2017,1,0.75,0,0.75,PR14,,PR03
P0185,S0130,3/11/2017,1,0.75,1,0.75,PR14,,PR03
P0185,S0131,3/11/2017,2,1.5,0,0.75,PR14,,PR03
P0185,S0132,3/11/2017,0,0,1,0.75,PR14,,PR03
P0185,S0135,3/11/2017,0,0,3,0.75,PR14,,PR03
P0185,S0138,3/11/2017,0,0,2,0.75,PR14,,PR03
P0185,S0139,3/11/2017,0,0,3,0.75,PR14,,PR03
P0185,S0140,3/11/2017,0,0,2,0.75,PR14,,PR03
P0185,S0143,3/11/2017,1,0.75,9,0.75,PR14,,PR03
P0185,S0144,3/11/2017,0,0,1,0.75,PR14,,PR03
P0187,S0001,3/11/2017,0,0,21,21.99,PR14,,PR03
P0187,S0002,3/11/2017,0,0,7,21.99,PR14,,PR03
P0187,S0013,3/11/2017,0,0,9,21.99,PR14,,PR03
P0187,S0020,3/11/2017,0,0,16,21.99,PR14,,PR03
P0187,S0023,3/11/2017,0,0,2,21.99,PR14,,PR03
P0187,S0026,3/11/2017,0,0,9,21.99,PR14,,PR03
P0187,S0031,3/11/2017,0,0,5,21.99,PR14,,PR03
P0187,S0038,3/11/2017,0,0,5,21.99,PR14,,PR03
P0187,S0043,3/11/2017,0,0,8,21.99,PR14,,PR03
P0187,S0051,3/11/2017,0,0,5,21.99,PR14,,PR03
P0187,S0055,3/11/2017,0,0,5,21.99,PR14,,PR03
P0187,S0056,3/11/2017,0,0,6,21.99,PR14,,PR03
P0187,S0062,3/11/2017,0,0,3,21.99,PR14,,PR03
P0187,S0085,3/11/2017,0,0,4,21.99,PR14,,PR03
P0187,S0094,3/11/2017,0,0,12,21.99,PR14,,PR03
P0187,S0097,3/11/2017,0,0,4,21.99,PR14,,PR03
P0187,S0104,3/11/2017,0,0,4,21.99,PR14,,PR03
P0187,S0108,3/11/2017,0,0,5,21.99,PR14,,PR03
P0187,S0110,3/11/2017,0,0,8,21.99,PR14,,PR03
P0187,S0115,3/11/2017,0,0,9,21.99,PR14,,PR03
P0187,S0125,3/11/2017,0,0,4,21.99,PR14,,PR03
P0187,S0126,3/11/2017,0,0,5,21.99,PR14,,PR03
P0187,S0132,3/11/2017,1,18.64,4,21.99,PR14,,PR03
P0187,S0138,3/11/2017,0,0,8,21.99,PR14,,PR03
P0195,S0001,3/11/2017,0,0,4,5.75,PR14,,PR03
P0195,S0002,3/11/2017,0,0,6,5.75,PR14,,PR03
P0195,S0004,3/11/2017,0,0,9,5.75,PR14,,PR03
P0195,S0008,3/11/2017,0,0,4,5.75,PR14,,PR03
P0195,S0010,3/11/2017,0,0,9,5.75,PR14,,PR03
P0195,S0012,3/11/2017,0,0,4,5.75,PR14,,PR03
P0195,S0013,3/11/2017,0,0,3,5.75,PR14,,PR03
P0195,S0060,3/11/2017,0,0,4,5.75,PR14,,PR03
P0195,S0062,3/11/2017,0,0,10,5.75,PR14,,PR03
P0195,S0063,3/11/2017,0,0,3,5.75,PR14,,PR03
P0195,S0065,3/11/2017,0,0,18,5.45,PR14,,PR03
P0195,S0066,3/11/2017,2,10.65,8,5.75,PR14,,PR03
P0195,S0067,3/11/2017,0,0,3,5.75,PR14,,PR03
P0195,S0070,3/11/2017,0,0,4,5.75,PR14,,PR03
P0195,S0073,3/11/2017,0,0,3,5.75,PR14,,PR03
P0195,S0078,3/11/2017,0,0,4,3.95,PR14,,PR03
P0195,S0082,3/11/2017,0,0,4,5.75,PR14,,PR03
P0195,S0083,3/11/2017,0,0,6,5.75,PR14,,PR03
P0195,S0084,3/11/2017,0,0,6,5.75,PR14,,PR03
P0195,S0085,3/11/2017,1,5.32,17,5.75,PR14,,PR03
P0195,S0087,3/11/2017,1,5.32,6,5.75,PR14,,PR03
P0195,S0088,3/11/2017,0,0,3,5.75,PR14,,PR03
P0195,S0090,3/11/2017,0,0,3,5.45,PR14,,PR03
P0195,S0091,3/11/2017,0,0,6,5.75,PR14,,PR03
P0195,S0093,3/11/2017,0,0,3,5.75,PR14,,PR03
P0195,S0094,3/11/2017,0,0,2,5.75,PR14,,PR03
P0195,S0095,3/11/2017,0,0,11,5.75,PR14,,PR03
P0195,S0096,3/11/2017,0,0,5,5.75,PR14,,PR03
P0195,S0097,3/11/2017,1,5.32,1,5.75,PR14,,PR03
P0195,S0102,3/11/2017,0,0,2,5.75,PR14,,PR03
P0195,S0103,3/11/2017,0,0,3,5.75,PR14,,PR03
P0195,S0104,3/11/2017,0,0,7,5.75,PR14,,PR03
P0195,S0105,3/11/2017,0,0,4,5.75,PR14,,PR03
P0195,S0106,3/11/2017,0,0,15,5.75,PR14,,PR03
P0195,S0107,3/11/2017,0,0,3,5.75,PR14,,PR03
P0195,S0108,3/11/2017,0,0,5,5.75,PR14,,PR03
P0195,S0110,3/11/2017,0,0,3,5.75,PR14,,PR03
P0195,S0113,3/11/2017,0,0,5,5.75,PR14,,PR03
P0195,S0115,3/11/2017,0,0,6,5.75,PR14,,PR03
P0195,S0117,3/11/2017,0,0,5,5.75,PR14,,PR03
P0195,S0122,3/11/2017,2,7.31,1,3.95,PR14,,PR03
P0195,S0123,3/11/2017,0,0,4,5.75,PR14,,PR03
P0195,S0125,3/11/2017,0,0,5,5.75,PR14,,PR03
P0195,S0126,3/11/2017,0,0,2,5.75,PR14,,PR03
P0195,S0130,3/11/2017,0,0,2,5.75,PR14,,PR03
P0195,S0131,3/11/2017,0,0,6,5.75,PR14,,PR03
P0195,S0132,3/11/2017,0,0,5,5.75,PR14,,PR03
P0195,S0137,3/11/2017,0,0,3,5.75,PR14,,PR03
P0195,S0138,3/11/2017,0,0,4,5.75,PR14,,PR03
P0195,S0139,3/11/2017,0,0,5,5.75,PR14,,PR03
P0195,S0142,3/11/2017,0,0,7,5.75,PR14,,PR03
P0195,S0144,3/11/2017,0,0,2,5.75,PR14,,PR03
P0196,S0001,3/11/2017,0,0,18,8.9,PR14,,PR03
P0196,S0002,3/11/2017,0,0,9,8.9,PR14,,PR03
P0196,S0004,3/11/2017,0,0,14,8.9,PR14,,PR03
P0196,S0006,3/11/2017,0,0,9,8.9,PR14,,PR03
P0196,S0008,3/11/2017,0,0,9,8.9,PR14,,PR03
P0196,S0013,3/11/2017,0,0,4,8.9,PR14,,PR03
P0196,S0015,3/11/2017,0,0,14,8.9,PR14,,PR03
P0196,S0018,3/11/2017,0,0,4,8.9,PR14,,PR03
P0196,S0019,3/11/2017,0,0,22,8.9,PR14,,PR03
P0196,S0020,3/11/2017,1,8.24,13,8.9,PR14,,PR03
P0196,S0022,3/11/2017,0,0,20,8.9,PR14,,PR03
P0196,S0023,3/11/2017,0,0,26,8.9,PR14,,PR03
P0196,S0024,3/11/2017,0,0,17,8.9,PR14,,PR03
P0196,S0025,3/11/2017,0,0,4,8.9,PR14,,PR03
P0196,S0027,3/11/2017,0,0,18,8.9,PR14,,PR03
P0196,S0031,3/11/2017,0,0,48,8.9,PR14,,PR03
P0196,S0038,3/11/2017,0,0,69,8.9,PR14,,PR03
P0196,S0040,3/11/2017,0,0,14,8.9,PR14,,PR03
P0196,S0041,3/11/2017,0,0,114,8.9,PR14,,PR03
P0196,S0043,3/11/2017,0,0,6,8.9,PR14,,PR03
P0196,S0044,3/11/2017,5,41.2,26,8.9,PR14,,PR03
P0196,S0049,3/11/2017,0,0,1,8.9,PR14,,PR03
P0196,S0050,3/11/2017,0,0,13,8.9,PR14,,PR03
P0196,S0051,3/11/2017,0,0,17,8.9,PR14,,PR03
P0196,S0052,3/11/2017,0,0,17,8.9,PR14,,PR03
P0196,S0056,3/11/2017,0,0,5,8.9,PR14,,PR03
P0196,S0058,3/11/2017,0,0,23,8.9,PR14,,PR03
P0196,S0060,3/11/2017,0,0,13,8.9,PR14,,PR03
P0196,S0063,3/11/2017,0,0,16,8.9,PR14,,PR03
P0196,S0066,3/11/2017,1,8.24,13,8.9,PR14,,PR03
P0196,S0067,3/11/2017,0,0,18,8.9,PR14,,PR03
P0196,S0078,3/11/2017,0,0,7,8.9,PR14,,PR03
P0196,S0082,3/11/2017,1,8.24,24,8.9,PR14,,PR03
P0196,S0083,3/11/2017,0,0,17,8.9,PR14,,PR03
P0196,S0085,3/11/2017,0,0,50,8.9,PR14,,PR03
P0196,S0091,3/11/2017,0,0,2,8.9,PR14,,PR03
P0196,S0094,3/11/2017,0,0,32,8.9,PR14,,PR03
P0196,S0096,3/11/2017,0,0,11,8.9,PR14,,PR03
P0196,S0097,3/11/2017,0,0,5,8.9,PR14,,PR03
P0196,S0103,3/11/2017,0,0,5,8.9,PR14,,PR03
P0196,S0104,3/11/2017,0,0,5,8.9,PR14,,PR03
P0196,S0105,3/11/2017,0,0,18,8.9,PR14,,PR03
P0196,S0106,3/11/2017,0,0,31,8.9,PR14,,PR03
P0196,S0107,3/11/2017,0,0,4,8.9,PR14,,PR03
P0196,S0108,3/11/2017,0,0,5,8.9,PR14,,PR03
P0196,S0110,3/11/2017,0,0,14,8.9,PR14,,PR03
P0196,S0113,3/11/2017,0,0,20,8.9,PR14,,PR03
P0196,S0115,3/11/2017,0,0,2,8.9,PR14,,PR03
P0196,S0117,3/11/2017,0,0,15,8.9,PR14,,PR03
P0196,S0122,3/11/2017,0,0,18,8.9,PR14,,PR03
P0196,S0123,3/11/2017,0,0,12,8.9,PR14,,PR03
P0196,S0126,3/11/2017,0,0,9,8.9,PR14,,PR03
P0196,S0127,3/11/2017,1,8.24,7,8.9,PR14,,PR03
P0196,S0131,3/11/2017,0,0,5,8.9,PR14,,PR03
P0196,S0132,3/11/2017,0,0,5,8.9,PR14,,PR03
P0196,S0138,3/11/2017,0,0,13,8.9,PR14,,PR03
P0196,S0139,3/11/2017,0,0,11,8.9,PR14,,PR03
P0197,S0001,3/11/2017,0,0,14,3.5,PR05,verylow,PR03
P0197,S0002,3/11/2017,0,0,10,3.5,PR05,verylow,PR03
P0197,S0008,3/11/2017,1,2.75,11,3.5,PR05,verylow,PR03
P0197,S0012,3/11/2017,1,3.24,14,3.5,PR05,verylow,PR03
P0197,S0023,3/11/2017,1,2.75,12,3.5,PR05,verylow,PR03
P0197,S0024,3/11/2017,2,5.99,27,3.5,PR05,verylow,PR03
P0197,S0026,3/11/2017,4,11.49,6,3.5,PR05,verylow,PR03
P0197,S0031,3/11/2017,0,0,22,3.5,PR05,verylow,PR03
P0197,S0040,3/11/2017,0,0,4,3.5,PR05,verylow,PR03
P0197,S0043,3/11/2017,0,0,9,3.5,PR05,verylow,PR03
P0197,S0050,3/11/2017,0,0,9,3.5,PR05,verylow,PR03
P0197,S0055,3/11/2017,0,0,5,3.5,PR05,verylow,PR03
P0197,S0062,3/11/2017,3,8.25,11,3.5,PR05,verylow,PR03
P0197,S0066,3/11/2017,3,8.74,5,3.5,PR05,verylow,PR03
P0197,S0085,3/11/2017,2,5.99,55,3.5,PR05,verylow,PR03
P0197,S0094,3/11/2017,1,3.24,3,3.5,PR05,verylow,PR03
P0197,S0097,3/11/2017,0,0,1,3.5,PR05,verylow,PR03
P0197,S0104,3/11/2017,5,13.75,51,3.5,PR05,verylow,PR03
P0197,S0110,3/11/2017,2,5.99,85,3.5,PR05,verylow,PR03
P0197,S0113,3/11/2017,1,2.75,11,3.5,PR05,verylow,PR03
P0197,S0115,3/11/2017,0,0,13,3.5,PR05,verylow,PR03
P0197,S0126,3/11/2017,0,0,32,3.5,PR05,verylow,PR03
P0197,S0139,3/11/2017,1,2.75,10,3.5,PR05,verylow,PR03
P0197,S0142,3/11/2017,0,0,6,3.5,PR05,verylow,PR03
P0197,S0144,3/11/2017,0,0,12,3.5,PR05,verylow,PR03
P0198,S0001,3/11/2017,1,0.46,24,0.5,PR14,,PR03
P0198,S0013,3/11/2017,0,0,18,0.5,PR14,,PR03
P0198,S0020,3/11/2017,8,3.7,96,0.5,PR14,,PR03
P0198,S0023,3/11/2017,2,0.93,90,0.5,PR14,,PR03
P0198,S0024,3/11/2017,1,0.46,5,0.5,PR14,,PR03
P0198,S0026,3/11/2017,4,1.85,8,0.5,PR14,,PR03
P0198,S0031,3/11/2017,14,6.48,52,0.5,PR14,,PR03
P0198,S0038,3/11/2017,8,3.7,90,0.5,PR14,,PR03
P0198,S0040,3/11/2017,0,0,37,0.5,PR14,,PR03
P0198,S0049,3/11/2017,4,1.85,31,0.5,PR14,,PR03
P0198,S0050,3/11/2017,0,0,32,0.5,PR14,,PR03
P0198,S0051,3/11/2017,0,0,76,0.5,PR14,,PR03
P0198,S0055,3/11/2017,3,1.39,8,0.5,PR14,,PR03
P0198,S0056,3/11/2017,0,0,85,0.5,PR14,,PR03
P0198,S0062,3/11/2017,5,2.31,59,0.5,PR14,,PR03
P0198,S0066,3/11/2017,4,1.85,5,0.5,PR14,,PR03
P0198,S0070,3/11/2017,0,0,23,0.5,PR14,,PR03
P0198,S0085,3/11/2017,14,6.48,412,0.5,PR14,,PR03
P0198,S0087,3/11/2017,0,0,27,0.5,PR14,,PR03
P0198,S0093,3/11/2017,0,0,18,0.5,PR14,,PR03
P0198,S0094,3/11/2017,5,2.31,102,0.5,PR14,,PR03
P0198,S0097,3/11/2017,2,0.93,41,0.5,PR14,,PR03
P0198,S0102,3/11/2017,0,0,51,0.5,PR14,,PR03
P0198,S0104,3/11/2017,2,0.93,161,0.5,PR14,,PR03
P0198,S0108,3/11/2017,1,0.46,11,0.5,PR14,,PR03
P0198,S0110,3/11/2017,3,1.39,73,0.5,PR14,,PR03
P0198,S0115,3/11/2017,2,0.93,23,0.5,PR14,,PR03
P0198,S0117,3/11/2017,1,0.46,21,0.5,PR14,,PR03
P0198,S0126,3/11/2017,0,0,99,0.5,PR14,,PR03
P0198,S0132,3/11/2017,3,1.39,21,0.5,PR14,,PR03
P0198,S0138,3/11/2017,10,4.63,204,0.5,PR14,,PR03
P0198,S0142,3/11/2017,6,2.78,20,0.5,PR14,,PR03
P0201,S0001,3/11/2017,0,0,2,14.9,PR14,,PR03
P0201,S0002,3/11/2017,0,0,5,14.9,PR14,,PR03
P0201,S0003,3/11/2017,1,12.63,5,14.9,PR14,,PR03
P0201,S0004,3/11/2017,0,0,5,14.9,PR14,,PR03
P0201,S0008,3/11/2017,0,0,6,14.9,PR14,,PR03
P0201,S0009,3/11/2017,0,0,2,14.9,PR14,,PR03
P0201,S0034,3/11/2017,0,0,4,14.9,PR14,,PR03
P0201,S0038,3/11/2017,0,0,13,14.9,PR14,,PR03
P0201,S0039,3/11/2017,0,0,26,14.9,PR14,,PR03
P0201,S0040,3/11/2017,0,0,10,14.9,PR14,,PR03
P0201,S0043,3/11/2017,0,0,4,14.9,PR14,,PR03
P0201,S0049,3/11/2017,0,0,11,14.9,PR14,,PR03
P0201,S0050,3/11/2017,0,0,11,14.9,PR14,,PR03
P0201,S0051,3/11/2017,0,0,1,14.9,PR14,,PR03
P0201,S0053,3/11/2017,0,0,2,14.9,PR14,,PR03
P0201,S0054,3/11/2017,0,0,7,14.9,PR14,,PR03
P0201,S0056,3/11/2017,0,0,7,14.9,PR14,,PR03
P0201,S0062,3/11/2017,0,0,5,14.9,PR14,,PR03
P0201,S0063,3/11/2017,0,0,11,14.9,PR14,,PR03
P0201,S0065,3/11/2017,0,0,5,14.9,PR14,,PR03
P0201,S0066,3/11/2017,0,0,3,14.9,PR14,,PR03
P0201,S0067,3/11/2017,0,0,1,14.9,PR14,,PR03
P0201,S0068,3/11/2017,0,0,6,14.9,PR14,,PR03
P0201,S0070,3/11/2017,0,0,5,14.9,PR14,,PR03
P0201,S0074,3/11/2017,0,0,2,14.9,PR14,,PR03
P0201,S0077,3/11/2017,0,0,4,14.9,PR14,,PR03
P0201,S0078,3/11/2017,0,0,2,14.9,PR14,,PR03
P0201,S0080,3/11/2017,0,0,6,14.9,PR14,,PR03
P0201,S0082,3/11/2017,0,0,5,14.9,PR14,,PR03
P0201,S0083,3/11/2017,0,0,2,14.9,PR14,,PR03
P0201,S0085,3/11/2017,0,0,5,14.9,PR14,,PR03
P0201,S0086,3/11/2017,0,0,7,14.9,PR14,,PR03
P0201,S0087,3/11/2017,1,12.63,1,14.9,PR14,,PR03
P0201,S0088,3/11/2017,0,0,11,14.9,PR14,,PR03
P0201,S0089,3/11/2017,0,0,5,14.9,PR14,,PR03
P0201,S0090,3/11/2017,0,0,5,14.9,PR14,,PR03
P0201,S0091,3/11/2017,0,0,1,14.9,PR14,,PR03
P0201,S0094,3/11/2017,0,0,4,14.9,PR14,,PR03
P0201,S0095,3/11/2017,0,0,7,14.9,PR14,,PR03
P0201,S0096,3/11/2017,0,0,13,14.9,PR14,,PR03
P0201,S0097,3/11/2017,1,12.63,5,14.9,PR14,,PR03
P0201,S0099,3/11/2017,0,0,4,14.9,PR14,,PR03
P0201,S0102,3/11/2017,0,0,4,14.9,PR14,,PR03
P0201,S0104,3/11/2017,0,0,8,14.9,PR14,,PR03
P0201,S0107,3/11/2017,0,0,2,14.9,PR14,,PR03
P0201,S0108,3/11/2017,0,0,3,14.9,PR14,,PR03
P0201,S0110,3/11/2017,0,0,6,14.9,PR14,,PR03
P0201,S0113,3/11/2017,0,0,7,14.9,PR14,,PR03
P0201,S0115,3/11/2017,0,0,5,14.9,PR14,,PR03
P0201,S0116,3/11/2017,0,0,3,14.9,PR14,,PR03
P0201,S0117,3/11/2017,0,0,5,14.9,PR14,,PR03
P0201,S0119,3/11/2017,0,0,7,14.9,PR14,,PR03
P0201,S0120,3/11/2017,0,0,11,14.9,PR14,,PR03
P0201,S0123,3/11/2017,0,0,4,14.9,PR14,,PR03
P0201,S0124,3/11/2017,0,0,6,14.9,PR14,,PR03
P0201,S0126,3/11/2017,0,0,3,14.9,PR14,,PR03
P0201,S0130,3/11/2017,0,0,3,14.9,PR14,,PR03
P0201,S0131,3/11/2017,0,0,3,14.9,PR14,,PR03
P0201,S0132,3/11/2017,0,0,1,14.9,PR14,,PR03
P0201,S0135,3/11/2017,0,0,4,14.9,PR14,,PR03
P0201,S0139,3/11/2017,0,0,5,14.9,PR14,,PR03
P0201,S0140,3/11/2017,0,0,21,14.9,PR14,,PR03
P0201,S0141,3/11/2017,0,0,6,14.9,PR14,,PR03
P0201,S0142,3/11/2017,0,0,2,14.9,PR14,,PR03
P0201,S0143,3/11/2017,0,0,7,14.9,PR14,,PR03
P0201,S0144,3/11/2017,0,0,1,14.9,PR14,,PR03
P0204,S0001,3/11/2017,0,0,63,5.9,PR14,,PR03
P0204,S0002,3/11/2017,0,0,15,5.9,PR14,,PR03
P0204,S0020,3/11/2017,0,0,26,5.9,PR14,,PR03
P0204,S0026,3/11/2017,1,5,28,5.9,PR14,,PR03
P0204,S0031,3/11/2017,0,0,36,5.9,PR14,,PR03
P0204,S0033,3/11/2017,1,5,18,5.9,PR14,,PR03
P0204,S0038,3/11/2017,0,0,66,5.9,PR14,,PR03
P0204,S0040,3/11/2017,0,0,127,5.9,PR14,,PR03
P0204,S0051,3/11/2017,0,0,57,5.9,PR14,,PR03
P0204,S0056,3/11/2017,0,0,59,5.9,PR14,,PR03
P0204,S0062,3/11/2017,0,0,58,5.9,PR14,,PR03
P0204,S0066,3/11/2017,0,0,25,5.9,PR14,,PR03
P0204,S0085,3/11/2017,0,0,164,5.9,PR14,,PR03
P0204,S0094,3/11/2017,0,0,58,5.9,PR14,,PR03
P0204,S0097,3/11/2017,0,0,97,5.9,PR14,,PR03
P0204,S0104,3/11/2017,0,0,15,5.9,PR14,,PR03
P0204,S0108,3/11/2017,0,0,7,5.9,PR14,,PR03
P0204,S0115,3/11/2017,0,0,10,5.9,PR14,,PR03
P0204,S0126,3/11/2017,0,0,1,5.9,PR14,,PR03
P0205,S0001,3/11/2017,0,0,7,13.9,PR14,,PR03
P0205,S0002,3/11/2017,0,0,9,13.9,PR14,,PR03
P0241,S0090,3/11/2017,0,0,2,12.95,PR14,,PR03
P0241,S0091,3/11/2017,0,0,6,12.95,PR14,,PR03
P0241,S0093,3/11/2017,0,0,3,12.95,PR14,,PR03
P0241,S0094,3/11/2017,0,0,9,12.95,PR14,,PR03
P0241,S0095,3/11/2017,0,0,7,12.95,PR14,,PR03
P0241,S0096,3/11/2017,0,0,2,12.95,PR14,,PR03
P0241,S0097,3/11/2017,1,11.99,2,12.95,PR14,,PR03
P0241,S0102,3/11/2017,1,11.99,17,12.95,PR14,,PR03
P0241,S0103,3/11/2017,0,0,3,12.95,PR14,,PR03
P0241,S0104,3/11/2017,0,0,17,12.95,PR14,,PR03
P0241,S0105,3/11/2017,0,0,4,12.95,PR14,,PR03
P0241,S0106,3/11/2017,0,0,4,12.95,PR14,,PR03
P0241,S0107,3/11/2017,0,0,3,12.95,PR14,,PR03
P0241,S0108,3/11/2017,0,0,11,12.95,PR14,,PR03
P0241,S0110,3/11/2017,0,0,8,12.95,PR14,,PR03
P0241,S0113,3/11/2017,0,0,4,12.95,PR14,,PR03
P0241,S0115,3/11/2017,0,0,18,12.95,PR14,,PR03
P0241,S0117,3/11/2017,0,0,7,12.95,PR14,,PR03
P0241,S0122,3/11/2017,0,0,3,12.95,PR14,,PR03
P0241,S0123,3/11/2017,0,0,5,12.95,PR14,,PR03
P0241,S0125,3/11/2017,0,0,6,12.95,PR14,,PR03
P0241,S0126,3/11/2017,1,11.99,5,12.95,PR14,,PR03
P0241,S0131,3/11/2017,0,0,7,12.95,PR14,,PR03
P0241,S0132,3/11/2017,0,0,6,12.95,PR14,,PR03
P0241,S0137,3/11/2017,0,0,8,12.95,PR14,,PR03
P0241,S0138,3/11/2017,0,0,10,12.95,PR14,,PR03
P0241,S0139,3/11/2017,0,0,3,12.95,PR14,,PR03
P0241,S0142,3/11/2017,0,0,8,12.95,PR14,,PR03
P0490,S0008,3/18/2017,0,0,1,59.5,PR14,,PR03
P0490,S0010,3/18/2017,0,0,4,59.5,PR14,,PR03
P0490,S0012,3/18/2017,0,0,3,59.5,PR14,,PR03
P0490,S0013,3/18/2017,0,0,2,59.5,PR14,,PR03
P0490,S0015,3/18/2017,0,0,4,59.5,PR14,,PR03
P0490,S0023,3/18/2017,0,0,3,59.5,PR14,,PR03
P0490,S0024,3/18/2017,0,0,3,59.5,PR14,,PR03
P0490,S0026,3/18/2017,0,0,4,59.5,PR14,,PR03
P0490,S0031,3/18/2017,0,0,11,59.5,PR14,,PR03
P0490,S0035,3/18/2017,0,0,3,59.5,PR14,,PR03
P0490,S0038,3/18/2017,0,0,3,59.5,PR14,,PR03
P0490,S0040,3/18/2017,0,0,2,59.5,PR14,,PR03
P0490,S0043,3/18/2017,0,0,6,59.5,PR14,,PR03
P0490,S0049,3/18/2017,0,0,2,59.5,PR14,,PR03
P0490,S0050,3/18/2017,0,0,3,59.5,PR14,,PR03
P0490,S0051,3/18/2017,0,0,4,59.5,PR14,,PR03
P0490,S0055,3/18/2017,0,0,3,59.5,PR14,,PR03
P0490,S0056,3/18/2017,0,0,2,59.5,PR14,,PR03
P0490,S0062,3/18/2017,0,0,3,59.5,PR14,,PR03
P0490,S0063,3/18/2017,0,0,2,59.5,PR14,,PR03
P0490,S0065,3/18/2017,0,0,4,59.5,PR14,,PR03
P0490,S0066,3/18/2017,0,0,3,59.5,PR14,,PR03
P0490,S0070,3/18/2017,0,0,2,59.5,PR14,,PR03
P0490,S0078,3/18/2017,0,0,6,59.5,PR14,,PR03
P0490,S0082,3/18/2017,0,0,4,59.5,PR14,,PR03
P0490,S0083,3/18/2017,0,0,4,59.5,PR14,,PR03
P0490,S0084,3/18/2017,0,0,4,59.5,PR14,,PR03
P0490,S0085,3/18/2017,0,0,4,59.5,PR14,,PR03
P0490,S0088,3/18/2017,0,0,4,59.5,PR14,,PR03
P0490,S0090,3/18/2017,0,0,3,59.5,PR14,,PR03
P0490,S0091,3/18/2017,0,0,3,59.5,PR14,,PR03
P0490,S0094,3/18/2017,0,0,5,59.5,PR14,,PR03
P0490,S0095,3/18/2017,0,0,3,59.5,PR14,,PR03
P0490,S0096,3/18/2017,0,0,4,59.5,PR14,,PR03
P0490,S0097,3/18/2017,0,0,6,59.5,PR14,,PR03
P0490,S0102,3/18/2017,0,0,3,59.5,PR14,,PR03
P0490,S0104,3/18/2017,0,0,4,59.5,PR14,,PR03
P0490,S0107,3/18/2017,0,0,2,59.5,PR14,,PR03
P0490,S0108,3/18/2017,0,0,3,59.5,PR14,,PR03
P0490,S0110,3/18/2017,0,0,5,59.5,PR14,,PR03
P0490,S0113,3/18/2017,0,0,3,59.5,PR14,,PR03
P0490,S0115,3/18/2017,0,0,4,59.5,PR14,,PR03
P0490,S0117,3/18/2017,0,0,3,59.5,PR14,,PR03
P0490,S0122,3/18/2017,0,0,3,59.5,PR14,,PR03
P0490,S0125,3/18/2017,0,0,2,59.5,PR14,,PR03
P0490,S0126,3/18/2017,0,0,4,59.5,PR14,,PR03
P0490,S0131,3/18/2017,0,0,5,59.5,PR14,,PR03
P0490,S0132,3/18/2017,0,0,3,59.5,PR14,,PR03
P0490,S0138,3/18/2017,0,0,3,59.5,PR14,,PR03
P0490,S0139,3/18/2017,0,0,3,59.5,PR14,,PR03
P0490,S0142,3/18/2017,0,0,4,59.5,PR14,,PR03
P0490,S0144,3/18/2017,0,0,2,59.5,PR14,,PR03
P0491,S0001,3/18/2017,0,0,3,24.5,PR14,,PR03
P0491,S0002,3/18/2017,0,0,6,24.5,PR14,,PR03
P0491,S0008,3/18/2017,0,0,5,24.5,PR14,,PR03
P0491,S0012,3/18/2017,0,0,4,24.5,PR14,,PR03
P0491,S0013,3/18/2017,0,0,7,24.5,PR14,,PR03
P0491,S0020,3/18/2017,0,0,6,24.5,PR14,,PR03
P0491,S0023,3/18/2017,0,0,2,24.5,PR14,,PR03
P0491,S0024,3/18/2017,0,0,5,24.5,PR14,,PR03
P0491,S0026,3/18/2017,0,0,3,24.5,PR14,,PR03
P0491,S0031,3/18/2017,0,0,9,24.5,PR14,,PR03
P0491,S0038,3/18/2017,0,0,4,24.5,PR14,,PR03
P0491,S0040,3/18/2017,0,0,7,24.5,PR14,,PR03
P0491,S0043,3/18/2017,0,0,15,24.5,PR14,,PR03
P0491,S0050,3/18/2017,0,0,2,24.5,PR14,,PR03
P0500,S0126,3/18/2017,0,0,24,6.95,PR14,,PR03
P0500,S0127,3/18/2017,1,6.44,14,6.95,PR14,,PR03
P0500,S0131,3/18/2017,0,0,16,6.95,PR14,,PR03
P0500,S0135,3/18/2017,0,0,1,6.95,PR14,,PR03
P0500,S0138,3/18/2017,2,12.87,10,6.95,PR14,,PR03
P0500,S0140,3/18/2017,1,6.44,5,6.95,PR14,,PR03
P0500,S0141,3/18/2017,0,0,5,6.95,PR14,,PR03
P0500,S0142,3/18/2017,1,6.44,4,6.95,PR14,,PR03
P0503,S0013,3/18/2017,0,0,11,17.5,PR14,,PR03
P0503,S0020,3/18/2017,0,0,8,17.5,PR14,,PR03
P0503,S0023,3/18/2017,0,0,12,17.5,PR14,,PR03
P0503,S0026,3/18/2017,0,0,8,17.5,PR14,,PR03
P0503,S0031,3/18/2017,0,0,12,17.5,PR14,,PR03
P0503,S0038,3/18/2017,0,0,11,17.5,PR14,,PR03
P0503,S0040,3/18/2017,0,0,10,17.5,PR14,,PR03
P0503,S0050,3/18/2017,0,0,8,17.5,PR14,,PR03
P0503,S0051,3/18/2017,0,0,8,17.5,PR14,,PR03
P0503,S0055,3/18/2017,0,0,12,17.5,PR14,,PR03
P0503,S0056,3/18/2017,0,0,11,17.5,PR14,,PR03
P0503,S0062,3/18/2017,0,0,11,17.5,PR14,,PR03
P0503,S0066,3/18/2017,0,0,6,17.5,PR14,,PR03
P0503,S0085,3/18/2017,0,0,8,17.5,PR14,,PR03
P0503,S0094,3/18/2017,0,0,8,17.5,PR14,,PR03
P0503,S0097,3/18/2017,0,0,9,17.5,PR14,,PR03
P0503,S0102,3/18/2017,0,0,10,17.5,PR14,,PR03
P0503,S0104,3/18/2017,1,16.2,10,17.5,PR14,,PR03
P0503,S0108,3/18/2017,0,0,8,17.5,PR14,,PR03
P0503,S0110,3/18/2017,0,0,11,17.5,PR14,,PR03
P0503,S0115,3/18/2017,0,0,9,17.5,PR14,,PR03
P0503,S0126,3/18/2017,0,0,12,17.5,PR14,,PR03
P0503,S0138,3/18/2017,0,0,11,17.5,PR14,,PR03
P0504,S0001,3/18/2017,0,0,2,14.9,PR14,,PR03
P0504,S0002,3/18/2017,0,0,5,14.9,PR14,,PR03
P0504,S0008,3/18/2017,0,0,4,14.9,PR14,,PR03
P0504,S0013,3/18/2017,0,0,4,14.9,PR14,,PR03
P0504,S0020,3/18/2017,0,0,3,14.9,PR14,,PR03
P0504,S0023,3/18/2017,0,0,5,14.9,PR14,,PR03
P0504,S0026,3/18/2017,0,0,2,14.9,PR14,,PR03
P0504,S0031,3/18/2017,0,0,7,14.9,PR14,,PR03
P0504,S0038,3/18/2017,0,0,9,14.9,PR14,,PR03
P0504,S0040,3/18/2017,0,0,7,14.9,PR14,,PR03
P0504,S0043,3/18/2017,0,0,4,14.9,PR14,,PR03
P0504,S0050,3/18/2017,0,0,4,14.9,PR14,,PR03
P0504,S0051,3/18/2017,0,0,6,14.9,PR14,,PR03
P0504,S0056,3/18/2017,0,0,4,14.9,PR14,,PR03
P0504,S0062,3/18/2017,0,0,9,14.9,PR14,,PR03
P0504,S0066,3/18/2017,0,0,8,14.9,PR14,,PR03
P0504,S0067,3/18/2017,0,0,3,14.9,PR14,,PR03
P0504,S0085,3/18/2017,0,0,5,14.9,PR14,,PR03
P0504,S0094,3/18/2017,0,0,4,14.9,PR14,,PR03
P0504,S0097,3/18/2017,0,0,2,14.9,PR14,,PR03
P0504,S0102,3/18/2017,0,0,3,14.9,PR14,,PR03
P0504,S0104,3/18/2017,0,0,6,14.9,PR14,,PR03
P0504,S0108,3/18/2017,0,0,4,14.9,PR14,,PR03
P0504,S0110,3/18/2017,0,0,3,14.9,PR14,,PR03
P0504,S0113,3/18/2017,0,0,5,14.9,PR14,,PR03
P0504,S0115,3/18/2017,0,0,27,14.9,PR14,,PR03
P0504,S0122,3/18/2017,1,12.63,3,14.9,PR14,,PR03
P0504,S0126,3/18/2017,0,0,2,14.9,PR14,,PR03
P0504,S0132,3/18/2017,0,0,2,14.9,PR14,,PR03
P0506,S0001,3/18/2017,0,0,10,6.5,PR05,verylow,PR03
P0506,S0002,3/18/2017,0,0,3,6.5,PR05,verylow,PR03
P0506,S0004,3/18/2017,0,0,12,6.5,PR05,verylow,PR03
P0506,S0008,3/18/2017,0,0,3,6.5,PR05,verylow,PR03
P0506,S0010,3/18/2017,3,14.04,11,6.5,PR05,verylow,PR03
P0506,S0012,3/18/2017,0,0,12,6.5,PR05,verylow,PR03
P0506,S0013,3/18/2017,2,11.02,6,6.5,PR05,verylow,PR03
P0506,S0015,3/18/2017,0,0,10,6.5,PR05,verylow,PR03
P0506,S0018,3/18/2017,0,0,3,6.5,PR05,verylow,PR03
P0506,S0020,3/18/2017,0,0,9,6.5,PR05,verylow,PR03
P0506,S0023,3/18/2017,0,0,7,6.5,PR05,verylow,PR03
P0506,S0024,3/18/2017,0,0,12,6.5,PR05,verylow,PR03
P0506,S0025,3/18/2017,0,0,7,6.5,PR05,verylow,PR03
P0506,S0026,3/18/2017,2,9.36,8,6.5,PR05,verylow,PR03
P0506,S0027,3/18/2017,0,0,8,6.5,PR05,verylow,PR03
P0506,S0031,3/18/2017,0,0,7,6.5,PR05,verylow,PR03
P0506,S0035,3/18/2017,0,0,7,6.5,PR05,verylow,PR03
P0506,S0038,3/18/2017,0,0,15,6.5,PR05,verylow,PR03
P0506,S0040,3/18/2017,1,4.68,14,6.5,PR05,verylow,PR03
P0506,S0043,3/18/2017,0,0,3,6.5,PR05,verylow,PR03
P0506,S0045,3/18/2017,0,0,7,6.5,PR05,verylow,PR03
P0506,S0049,3/18/2017,0,0,4,6.5,PR05,verylow,PR03
P0506,S0050,3/18/2017,2,9.36,4,6.5,PR05,verylow,PR03
P0506,S0051,3/18/2017,1,4.68,19,6.5,PR05,verylow,PR03
P0506,S0052,3/18/2017,0,0,9,6.5,PR05,verylow,PR03
P0506,S0055,3/18/2017,0,0,17,6.5,PR05,verylow,PR03
P0506,S0056,3/18/2017,0,0,8,6.5,PR05,verylow,PR03
P0506,S0058,3/18/2017,1,4.68,5,6.5,PR05,verylow,PR03
P0506,S0060,3/18/2017,0,0,3,6.5,PR05,verylow,PR03
P0506,S0062,3/18/2017,0,0,5,6.5,PR05,verylow,PR03
P0506,S0063,3/18/2017,0,0,9,6.5,PR05,verylow,PR03
P0506,S0065,3/18/2017,1,5.51,9,6.5,PR14,,PR03
P0506,S0066,3/18/2017,0,0,7,6.5,PR05,verylow,PR03
P0506,S0067,3/18/2017,0,0,12,6.5,PR05,verylow,PR03
P0506,S0070,3/18/2017,0,0,9,6.5,PR05,verylow,PR03
P0506,S0073,3/18/2017,0,0,11,6.5,PR05,verylow,PR03
P0506,S0078,3/18/2017,0,0,4,6.5,PR05,verylow,PR03
P0506,S0082,3/18/2017,0,0,14,6.5,PR05,verylow,PR03
P0506,S0083,3/18/2017,0,0,6,6.5,PR05,verylow,PR03
P0506,S0084,3/18/2017,2,9.36,6,6.5,PR05,verylow,PR03
P0506,S0085,3/18/2017,0,0,14,6.5,PR05,verylow,PR03
P0506,S0087,3/18/2017,0,0,3,6.5,PR05,verylow,PR03
P0506,S0088,3/18/2017,0,0,9,6.5,PR05,verylow,PR03
P0506,S0090,3/18/2017,1,5.51,11,6.5,PR14,,PR03
P0506,S0091,3/18/2017,0,0,13,6.5,PR05,verylow,PR03
P0506,S0093,3/18/2017,0,0,2,6.5,PR05,verylow,PR03
P0506,S0094,3/18/2017,0,0,6,6.5,PR05,verylow,PR03
P0506,S0095,3/18/2017,1,5.51,7,6.5,PR14,,PR03
P0506,S0096,3/18/2017,0,0,2,6.5,PR05,verylow,PR03
P0506,S0097,3/18/2017,0,0,10,6.5,PR05,verylow,PR03
P0506,S0102,3/18/2017,0,0,4,6.5,PR05,verylow,PR03
P0506,S0103,3/18/2017,0,0,5,6.5,PR05,verylow,PR03
P0506,S0104,3/18/2017,0,0,9,6.5,PR05,verylow,PR03
P0506,S0105,3/18/2017,0,0,14,6.5,PR05,verylow,PR03
P0506,S0106,3/18/2017,2,9.36,9,6.5,PR05,verylow,PR03
P0506,S0107,3/18/2017,0,0,4,6.5,PR05,verylow,PR03
P0506,S0108,3/18/2017,0,0,3,6.5,PR05,verylow,PR03
P0506,S0110,3/18/2017,0,0,16,6.5,PR05,verylow,PR03
P0506,S0113,3/18/2017,0,0,8,6.5,PR05,verylow,PR03
P0506,S0115,3/18/2017,0,0,3,6.5,PR05,verylow,PR03
P0506,S0117,3/18/2017,0,0,8,6.5,PR05,verylow,PR03
P0506,S0122,3/18/2017,0,0,8,6.5,PR05,verylow,PR03
P0506,S0123,3/18/2017,0,0,4,6.5,PR05,verylow,PR03
P0506,S0125,3/18/2017,0,0,4,6.5,PR05,verylow,PR03
P0506,S0126,3/18/2017,0,0,2,6.5,PR05,verylow,PR03
P0506,S0131,3/18/2017,0,0,3,6.5,PR05,verylow,PR03
P0506,S0132,3/18/2017,1,4.68,12,6.5,PR05,verylow,PR03
P0506,S0137,3/18/2017,1,4.68,5,6.5,PR05,verylow,PR03
P0506,S0138,3/18/2017,0,0,6,6.5,PR05,verylow,PR03
P0506,S0139,3/18/2017,0,0,3,6.5,PR05,verylow,PR03
P0506,S0144,3/18/2017,0,0,7,6.5,PR05,verylow,PR03
P0510,S0001,3/18/2017,0,0,8,20.5,PR14,,PR03
P0510,S0002,3/18/2017,0,0,4,20.5,PR14,,PR03
P0510,S0013,3/18/2017,0,0,2,20.5,PR14,,PR03
P0510,S0020,3/18/2017,0,0,11,20.5,PR14,,PR03
P0510,S0023,3/18/2017,0,0,3,20.5,PR14,,PR03
P0510,S0026,3/18/2017,0,0,8,20.5,PR14,,PR03
P0510,S0038,3/18/2017,0,0,14,20.5,PR14,,PR03
P0510,S0040,3/18/2017,0,0,3,20.5,PR14,,PR03
P0510,S0043,3/18/2017,0,0,8,20.5,PR14,,PR03
P0510,S0050,3/18/2017,0,0,4,20.5,PR14,,PR03
P0510,S0051,3/18/2017,0,0,10,20.5,PR14,,PR03
P0510,S0056,3/18/2017,0,0,11,20.5,PR14,,PR03
P0510,S0062,3/18/2017,0,0,4,20.5,PR14,,PR03
P0510,S0063,3/18/2017,0,0,3,20.5,PR14,,PR03
P0510,S0066,3/18/2017,0,0,9,20.5,PR14,,PR03
P0510,S0085,3/18/2017,0,0,4,20.5,PR14,,PR03
P0510,S0094,3/18/2017,0,0,12,20.5,PR14,,PR03
P0510,S0097,3/18/2017,0,0,11,20.5,PR14,,PR03
P0510,S0104,3/18/2017,0,0,19,20.5,PR14,,PR03
P0510,S0108,3/18/2017,0,0,4,20.5,PR14,,PR03
P0510,S0110,3/18/2017,0,0,11,20.5,PR14,,PR03
P0510,S0113,3/18/2017,0,0,6,20.5,PR14,,PR03
P0510,S0115,3/18/2017,0,0,15,20.5,PR14,,PR03
P0510,S0132,3/18/2017,0,0,10,20.5,PR14,,PR03
P0511,S0001,3/18/2017,0,0,7,31.25,PR14,,PR03
P0511,S0020,3/18/2017,0,0,3,31.25,PR14,,PR03
P0511,S0023,3/18/2017,0,0,3,31.25,PR14,,PR03
P0511,S0026,3/18/2017,0,0,2,31.25,PR14,,PR03
P0511,S0031,3/18/2017,0,0,11,31.25,PR14,,PR03
P0511,S0038,3/18/2017,0,0,19,31.25,PR14,,PR03
P0511,S0049,3/18/2017,0,0,6,31.25,PR14,,PR03
P0511,S0050,3/18/2017,0,0,10,31.25,PR14,,PR03
P0511,S0051,3/18/2017,0,0,9,31.25,PR14,,PR03
P0511,S0055,3/18/2017,0,0,10,31.25,PR14,,PR03
P0511,S0062,3/18/2017,1,26.48,20,31.25,PR14,,PR03
P0511,S0065,3/18/2017,0,0,1,31.25,PR14,,PR03
P0511,S0085,3/18/2017,0,0,13,31.25,PR14,,PR03
P0511,S0090,3/18/2017,0,0,11,31.25,PR14,,PR03
P0511,S0094,3/18/2017,0,0,14,31.25,PR14,,PR03
P0511,S0095,3/18/2017,0,0,3,31.25,PR14,,PR03
P0511,S0097,3/18/2017,0,0,4,31.25,PR14,,PR03
P0511,S0110,3/18/2017,0,0,10,31.25,PR14,,PR03
P0511,S0115,3/18/2017,0,0,12,31.25,PR14,,PR03
P0511,S0120,3/18/2017,0,0,12,31.25,PR14,,PR03
P0511,S0125,3/18/2017,0,0,11,31.25,PR14,,PR03
P0511,S0126,3/18/2017,0,0,5,31.25,PR14,,PR03
P0511,S0142,3/18/2017,0,0,2,31.25,PR14,,PR03
P0513,S0001,3/18/2017,0,0,20,27.9,PR14,,PR03
P0513,S0012,3/18/2017,0,0,4,27.9,PR14,,PR03
P0513,S0024,3/18/2017,0,0,10,27.9,PR14,,PR03
P0513,S0038,3/18/2017,0,0,17,27.9,PR14,,PR03
P0513,S0043,3/18/2017,0,0,5,27.9,PR14,,PR03
P0513,S0051,3/18/2017,0,0,13,27.9,PR14,,PR03
P0513,S0056,3/18/2017,0,0,13,27.9,PR14,,PR03
P0513,S0062,3/18/2017,0,0,4,27.9,PR14,,PR03
P0513,S0085,3/18/2017,0,0,11,27.9,PR14,,PR03
P0513,S0094,3/18/2017,0,0,9,27.9,PR14,,PR03
P0513,S0095,3/18/2017,0,0,12,27.9,PR14,,PR03
P0513,S0104,3/18/2017,0,0,13,27.9,PR14,,PR03
P0513,S0108,3/18/2017,0,0,4,27.9,PR14,,PR03
P0513,S0113,3/18/2017,0,0,7,27.9,PR14,,PR03
P0513,S0115,3/18/2017,0,0,21,27.9,PR14,,PR03
P0513,S0126,3/18/2017,0,0,5,27.9,PR14,,PR03
P0513,S0138,3/18/2017,0,0,3,27.9,PR14,,PR03
P0514,S0001,3/18/2017,0,0,1,8.9,PR14,,PR03
P0514,S0002,3/18/2017,0,0,2,8.9,PR14,,PR03
P0514,S0003,3/18/2017,0,0,2,8.9,PR14,,PR03
P0514,S0008,3/18/2017,0,0,1,8.9,PR14,,PR03
P0514,S0010,3/18/2017,0,0,2,8.9,PR14,,PR03
P0514,S0012,3/18/2017,0,0,2,8.9,PR14,,PR03
P0514,S0013,3/18/2017,0,0,1,8.9,PR14,,PR03
P0514,S0014,3/18/2017,0,0,2,8.9,PR14,,PR03
P0514,S0018,3/18/2017,0,0,5,8.9,PR14,,PR03
P0514,S0020,3/18/2017,0,0,5,8.9,PR14,,PR03
P0514,S0023,3/18/2017,0,0,4,8.9,PR14,,PR03
P0514,S0024,3/18/2017,1,8.9,3,8.9,PR14,,PR03
P0514,S0026,3/18/2017,1,8.9,4,8.9,PR14,,PR03
P0514,S0027,3/18/2017,0,0,4,8.9,PR14,,PR03
P0514,S0031,3/18/2017,0,0,2,8.9,PR14,,PR03
P0514,S0032,3/18/2017,0,0,2,8.9,PR14,,PR03
P0514,S0033,3/18/2017,0,0,4,8.9,PR14,,PR03
P0514,S0038,3/18/2017,0,0,6,8.9,PR14,,PR03
P0514,S0040,3/18/2017,0,0,2,8.9,PR14,,PR03
P0514,S0043,3/18/2017,0,0,3,8.9,PR14,,PR03
P0514,S0045,3/18/2017,0,0,2,8.9,PR14,,PR03
P0514,S0049,3/18/2017,0,0,2,8.9,PR14,,PR03
P0514,S0050,3/18/2017,0,0,3,8.9,PR14,,PR03
P0514,S0051,3/18/2017,1,8.9,2,8.9,PR14,,PR03
P0514,S0052,3/18/2017,0,0,1,8.9,PR14,,PR03
P0514,S0054,3/18/2017,0,0,2,8.9,PR14,,PR03
P0514,S0055,3/18/2017,0,0,2,8.9,PR14,,PR03
P0514,S0056,3/18/2017,0,0,3,8.9,PR14,,PR03
P0514,S0060,3/18/2017,0,0,3,8.9,PR14,,PR03
P0514,S0062,3/18/2017,0,0,1,8.9,PR14,,PR03
P0514,S0063,3/18/2017,0,0,3,8.9,PR14,,PR03
P0514,S0065,3/18/2017,0,0,2,7.5,PR14,,PR03
P0514,S0066,3/18/2017,0,0,2,8.9,PR14,,PR03
P0514,S0070,3/18/2017,0,0,2,8.9,PR14,,PR03
P0514,S0073,3/18/2017,0,0,2,8.9,PR14,,PR03
P0514,S0074,3/18/2017,0,0,4,8.9,PR14,,PR03
P0514,S0078,3/18/2017,0,0,2,8.9,PR14,,PR03
P0514,S0082,3/18/2017,0,0,2,8.9,PR14,,PR03
P0514,S0083,3/18/2017,0,0,2,8.9,PR14,,PR03
P0514,S0084,3/18/2017,0,0,5,8.9,PR14,,PR03
P0514,S0085,3/18/2017,0,0,3,8.9,PR14,,PR03
P0514,S0089,3/18/2017,0,0,2,8.9,PR14,,PR03
P0514,S0090,3/18/2017,0,0,2,7.5,PR14,,PR03
P0514,S0093,3/18/2017,0,0,1,8.9,PR14,,PR03
P0514,S0094,3/18/2017,0,0,1,8.9,PR14,,PR03
P0514,S0095,3/18/2017,0,0,3,7.5,PR14,,PR03
P0514,S0096,3/18/2017,0,0,2,8.9,PR14,,PR03
P0514,S0097,3/18/2017,0,0,4,8.9,PR14,,PR03
P0514,S0102,3/18/2017,0,0,3,8.9,PR14,,PR03
P0514,S0103,3/18/2017,0,0,2,8.9,PR14,,PR03
P0514,S0104,3/18/2017,1,8.9,1,8.9,PR14,,PR03
P0514,S0107,3/18/2017,0,0,3,8.9,PR14,,PR03
P0514,S0108,3/18/2017,2,17.8,2,8.9,PR14,,PR03
P0514,S0110,3/18/2017,0,0,2,8.9,PR14,,PR03
P0514,S0113,3/18/2017,0,0,2,8.9,PR14,,PR03
P0514,S0115,3/18/2017,1,8.9,2,8.9,PR14,,PR03
P0514,S0119,3/18/2017,0,0,2,8.9,PR14,,PR03
P0514,S0122,3/18/2017,0,0,2,8.9,PR14,,PR03
P0514,S0125,3/18/2017,0,0,2,8.9,PR14,,PR03
P0514,S0126,3/18/2017,0,0,2,8.9,PR14,,PR03
P0514,S0130,3/18/2017,0,0,3,8.9,PR14,,PR03
P0514,S0131,3/18/2017,0,0,2,8.9,PR14,,PR03
P0514,S0132,3/18/2017,0,0,2,8.9,PR14,,PR03
P0514,S0135,3/18/2017,0,0,2,8.9,PR14,,PR03
P0514,S0137,3/18/2017,0,0,5,8.9,PR14,,PR03
P0514,S0138,3/18/2017,0,0,2,8.9,PR14,,PR03
P0514,S0139,3/18/2017,0,0,4,8.9,PR14,,PR03
P0514,S0143,3/18/2017,0,0,3,8.9,PR14,,PR03
P0515,S0038,3/18/2017,0,0,1,229.9,PR14,,PR03
P0515,S0085,3/18/2017,0,0,2,229.9,PR14,,PR03
P0518,S0066,3/18/2017,0,0,1,21.9,PR14,,PR03
P0520,S0001,3/18/2017,0,0,7,2.95,PR06,verylow,PR03
P0520,S0002,3/18/2017,0,0,2,2.95,PR06,verylow,PR03
P0520,S0006,3/18/2017,0,0,2,2.95,PR06,verylow,PR03
P0520,S0013,3/18/2017,0,0,5,2.95,PR06,verylow,PR03
P0520,S0019,3/18/2017,0,0,5,2.95,PR06,verylow,PR03
P0520,S0020,3/18/2017,2,4.54,26,2.95,PR06,verylow,PR03
P0520,S0023,3/18/2017,1,2.27,11,2.95,PR06,verylow,PR03
P0520,S0024,3/18/2017,0,0,15,2.95,PR06,verylow,PR03
P0520,S0026,3/18/2017,4,9.07,24,2.95,PR06,verylow,PR03
P0520,S0031,3/18/2017,0,0,10,2.95,PR06,verylow,PR03
P0520,S0038,3/18/2017,0,0,2,2.95,PR06,verylow,PR03
P0520,S0040,3/18/2017,0,0,8,2.95,PR06,verylow,PR03
P0520,S0041,3/18/2017,1,2.73,21,2.95,PR06,verylow,PR03
P0520,S0043,3/18/2017,0,0,5,2.95,PR06,verylow,PR03
P0520,S0044,3/18/2017,0,0,9,2.95,PR06,verylow,PR03
P0520,S0049,3/18/2017,0,0,4,2.95,PR06,verylow,PR03
P0520,S0051,3/18/2017,0,0,29,2.95,PR06,verylow,PR03
P0520,S0056,3/18/2017,3,6.81,9,2.95,PR06,verylow,PR03
P0520,S0062,3/18/2017,1,2.27,39,2.95,PR06,verylow,PR03
P0520,S0065,3/18/2017,1,2.73,12,2.95,PR14,,PR03
P0520,S0066,3/18/2017,0,0,18,2.95,PR06,verylow,PR03
P0520,S0085,3/18/2017,5,12.27,41,2.95,PR06,verylow,PR03
P0520,S0087,3/18/2017,0,0,4,2.95,PR06,verylow,PR03
P0520,S0090,3/18/2017,0,0,12,2.95,PR14,,PR03
P0520,S0094,3/18/2017,0,0,9,2.95,PR06,verylow,PR03
P0520,S0095,3/18/2017,0,0,26,2.95,PR14,,PR03
P0520,S0097,3/18/2017,2,4.54,64,2.95,PR06,verylow,PR03
P0520,S0104,3/18/2017,0,0,6,2.95,PR06,verylow,PR03
P0520,S0108,3/18/2017,0,0,2,2.95,PR06,verylow,PR03
P0520,S0110,3/18/2017,0,0,3,2.95,PR06,verylow,PR03
P0520,S0113,3/18/2017,0,0,11,2.95,PR06,verylow,PR03
P0520,S0115,3/18/2017,0,0,13,2.95,PR06,verylow,PR03
P0520,S0125,3/18/2017,0,0,11,2.95,PR06,verylow,PR03
P0520,S0126,3/18/2017,0,0,10,2.95,PR06,verylow,PR03
P0520,S0127,3/18/2017,0,0,6,2.95,PR06,verylow,PR03
P0520,S0131,3/18/2017,0,0,11,2.95,PR06,verylow,PR03
P0520,S0132,3/18/2017,0,0,9,2.95,PR06,verylow,PR03
P0520,S0139,3/18/2017,0,0,6,2.95,PR06,verylow,PR03
P0520,S0142,3/18/2017,0,0,7,2.95,PR06,verylow,PR03
P0520,S0144,3/18/2017,0,0,8,2.95,PR06,verylow,PR03
P0521,S0001,3/18/2017,0,0,28,12,PR14,,PR03
P0521,S0002,3/18/2017,0,0,8,12,PR14,,PR03
P0521,S0012,3/18/2017,0,0,25,12,PR14,,PR03
P0521,S0018,3/18/2017,0,0,3,12,PR14,,PR03
P0521,S0020,3/18/2017,1,10.17,8,12,PR14,,PR03
P0521,S0023,3/18/2017,0,0,7,12,PR14,,PR03
P0521,S0026,3/18/2017,0,0,9,12,PR14,,PR03
P0521,S0027,3/18/2017,0,0,10,12,PR14,,PR03
P0521,S0031,3/18/2017,0,0,2,12,PR14,,PR03
P0521,S0035,3/18/2017,0,0,16,12,PR14,,PR03
P0521,S0038,3/18/2017,0,0,12,12,PR14,,PR03
P0521,S0043,3/18/2017,0,0,7,12,PR14,,PR03
P0521,S0049,3/18/2017,1,10.17,26,12,PR14,,PR03
P0521,S0050,3/18/2017,0,0,3,12,PR14,,PR03
P0521,S0051,3/18/2017,0,0,18,12,PR14,,PR03
P0521,S0052,3/18/2017,0,0,7,12,PR14,,PR03
P0521,S0055,3/18/2017,0,0,2,12,PR14,,PR03
P0521,S0056,3/18/2017,2,20.34,6,12,PR14,,PR03
P0521,S0060,3/18/2017,0,0,11,12,PR14,,PR03
P0521,S0062,3/18/2017,1,10.17,7,12,PR14,,PR03
P0521,S0065,3/18/2017,0,0,31,12,PR14,,PR03
P0521,S0066,3/18/2017,0,0,22,12,PR14,,PR03
P0521,S0067,3/18/2017,0,0,5,12,PR14,,PR03
P0521,S0070,3/18/2017,0,0,19,12,PR14,,PR03
P0521,S0085,3/18/2017,0,0,19,12,PR14,,PR03
P0521,S0087,3/18/2017,0,0,5,12,PR14,,PR03
P0521,S0088,3/18/2017,0,0,1,12,PR14,,PR03
P0521,S0090,3/18/2017,0,0,24,12,PR14,,PR03
P0521,S0093,3/18/2017,0,0,7,12,PR14,,PR03
P0521,S0094,3/18/2017,1,10.17,6,12,PR14,,PR03
P0521,S0095,3/18/2017,1,10.17,38,12,PR14,,PR03
P0521,S0097,3/18/2017,0,0,36,12,PR14,,PR03
P0521,S0102,3/18/2017,0,0,12,12,PR14,,PR03
P0521,S0104,3/18/2017,0,0,4,12,PR14,,PR03
P0521,S0107,3/18/2017,0,0,18,12,PR14,,PR03
P0521,S0108,3/18/2017,0,0,2,12,PR14,,PR03
P0521,S0110,3/18/2017,0,0,20,12,PR14,,PR03
P0521,S0113,3/18/2017,0,0,8,12,PR14,,PR03
P0521,S0115,3/18/2017,0,0,16,12,PR14,,PR03
P0521,S0122,3/18/2017,0,0,11,12,PR14,,PR03
P0521,S0125,3/18/2017,0,0,5,12,PR14,,PR03
P0521,S0126,3/18/2017,0,0,22,12,PR14,,PR03
P0521,S0131,3/18/2017,0,0,21,12,PR14,,PR03
P0521,S0132,3/18/2017,0,0,24,12,PR14,,PR03
P0521,S0137,3/18/2017,0,0,22,12,PR14,,PR03
P0521,S0138,3/18/2017,0,0,17,12,PR14,,PR03
P0521,S0139,3/18/2017,0,0,10,12,PR14,,PR03
P0521,S0142,3/18/2017,0,0,4,12,PR14,,PR03
P0524,S0001,3/18/2017,0,0,4,9.95,PR10,verylow,PR03
P0524,S0002,3/18/2017,0,0,12,9.95,PR10,verylow,PR03
P0524,S0013,3/18/2017,0,0,3,9.95,PR10,verylow,PR03
P0524,S0020,3/18/2017,0,0,4,9.95,PR10,verylow,PR03
P0524,S0023,3/18/2017,0,0,9,9.95,PR10,verylow,PR03
P0524,S0026,3/18/2017,0,0,14,9.95,PR10,verylow,PR03
P0524,S0031,3/18/2017,0,0,31,9.95,PR10,verylow,PR03
P0524,S0038,3/18/2017,0,0,11,8.95,PR03,verylow,PR03
P0524,S0040,3/18/2017,0,0,8,9.95,PR10,verylow,PR03
P0524,S0043,3/18/2017,0,0,5,9.95,PR10,verylow,PR03
P0524,S0050,3/18/2017,0,0,8,9.95,PR10,verylow,PR03
P0524,S0051,3/18/2017,0,0,15,9.95,PR10,verylow,PR03
P0524,S0056,3/18/2017,0,0,4,9.95,PR10,verylow,PR03
P0524,S0062,3/18/2017,0,0,12,9.95,PR10,verylow,PR03
P0524,S0066,3/18/2017,0,0,8,9.95,PR10,verylow,PR03
P0524,S0085,3/18/2017,0,0,23,8.95,PR03,verylow,PR03
P0524,S0088,3/18/2017,0,0,11,9.95,PR10,verylow,PR03
P0524,S0094,3/18/2017,0,0,9,9.95,PR10,verylow,PR03
P0524,S0097,3/18/2017,0,0,4,9.95,PR10,verylow,PR03
P0524,S0104,3/18/2017,0,0,8,9.95,PR10,verylow,PR03
P0524,S0108,3/18/2017,0,0,14,9.95,PR10,verylow,PR03
P0524,S0110,3/18/2017,0,0,7,9.95,PR10,verylow,PR03
P0524,S0115,3/18/2017,0,0,6,9.95,PR10,verylow,PR03
P0524,S0126,3/18/2017,0,0,8,9.95,PR10,verylow,PR03
P0524,S0132,3/18/2017,0,0,9,9.95,PR10,verylow,PR03
P0525,S0012,3/18/2017,0,0,63,2,PR14,,PR03
P0525,S0013,3/18/2017,0,0,29,2,PR14,,PR03
P0525,S0018,3/18/2017,0,0,39,2,PR14,,PR03
P0525,S0025,3/18/2017,0,0,29,2,PR14,,PR03
P0525,S0027,3/18/2017,0,0,26,2,PR14,,PR03
P0525,S0040,3/18/2017,0,0,124,2,PR14,,PR03
P0525,S0060,3/18/2017,0,0,3,2,PR14,,PR03
P0525,S0063,3/18/2017,0,0,67,2,PR14,,PR03
P0525,S0066,3/18/2017,0,0,51,2,PR14,,PR03
P0525,S0070,3/18/2017,0,0,58,2,PR14,,PR03
P0525,S0073,3/18/2017,0,0,50,2,PR14,,PR03
P0525,S0074,3/18/2017,0,0,13,2,PR14,,PR03
P0525,S0085,3/18/2017,0,0,47,2,PR14,,PR03
P0525,S0096,3/18/2017,0,0,124,2,PR14,,PR03
P0525,S0102,3/18/2017,2,3.39,13,2,PR14,,PR03
P0525,S0103,3/18/2017,0,0,34,2,PR14,,PR03
P0525,S0105,3/18/2017,0,0,30,2,PR14,,PR03
P0525,S0106,3/18/2017,0,0,15,2,PR14,,PR03
P0525,S0108,3/18/2017,0,0,45,2,PR14,,PR03
P0527,S0001,3/18/2017,0,0,27,1.95,PR14,,PR03
P0527,S0002,3/18/2017,0,0,3,1.95,PR14,,PR03
P0527,S0004,3/18/2017,0,0,27,1.95,PR14,,PR03
P0527,S0008,3/18/2017,0,0,17,1.95,PR14,,PR03
P0527,S0010,3/18/2017,0,0,20,1.95,PR14,,PR03
P0527,S0012,3/18/2017,0,0,2,1.95,PR14,,PR03
P0527,S0013,3/18/2017,0,0,8,1.95,PR14,,PR03
P0527,S0015,3/18/2017,0,0,10,1.95,PR14,,PR03
P0527,S0018,3/18/2017,0,0,42,1.95,PR14,,PR03
P0527,S0020,3/18/2017,0,0,24,1.95,PR14,,PR03
P0527,S0022,3/18/2017,0,0,7,1.95,PR14,,PR03
P0527,S0023,3/18/2017,0,0,9,1.39,PR14,,PR03
P0527,S0024,3/18/2017,0,0,21,1.95,PR14,,PR03
P0527,S0026,3/18/2017,0,0,21,1.95,PR14,,PR03
P0527,S0027,3/18/2017,0,0,35,1.95,PR14,,PR03
P0527,S0031,3/18/2017,0,0,8,1.95,PR14,,PR03
P0527,S0035,3/18/2017,0,0,23,1.95,PR14,,PR03
P0527,S0038,3/18/2017,0,0,43,1.95,PR14,,PR03
P0527,S0039,3/18/2017,0,0,1,1.95,PR14,,PR03
P0527,S0040,3/18/2017,0,0,10,1.95,PR14,,PR03
P0527,S0043,3/18/2017,0,0,20,1.95,PR14,,PR03
P0527,S0045,3/18/2017,0,0,21,1.39,PR14,,PR03
P0527,S0049,3/18/2017,0,0,4,1.95,PR14,,PR03
P0527,S0050,3/18/2017,1,1.81,39,1.95,PR14,,PR03
P0527,S0051,3/18/2017,0,0,20,1.95,PR14,,PR03
P0527,S0052,3/18/2017,0,0,9,1.95,PR14,,PR03
P0527,S0055,3/18/2017,0,0,9,1.95,PR14,,PR03
P0527,S0056,3/18/2017,0,0,25,1.95,PR14,,PR03
P0527,S0058,3/18/2017,0,0,14,1.95,PR14,,PR03
P0527,S0060,3/18/2017,1,1.81,8,1.95,PR14,,PR03
P0527,S0062,3/18/2017,0,0,2,1.95,PR14,,PR03
P0527,S0063,3/18/2017,0,0,20,1.95,PR14,,PR03
P0527,S0066,3/18/2017,0,0,20,1.95,PR14,,PR03
P0527,S0067,3/18/2017,0,0,4,1.95,PR14,,PR03
P0527,S0070,3/18/2017,0,0,8,1.95,PR14,,PR03
P0527,S0073,3/18/2017,0,0,12,1.95,PR14,,PR03
P0527,S0078,3/18/2017,0,0,15,1.95,PR14,,PR03
P0527,S0082,3/18/2017,0,0,13,1.95,PR14,,PR03
P0527,S0083,3/18/2017,0,0,2,1.95,PR14,,PR03
P0527,S0084,3/18/2017,0,0,8,1.95,PR14,,PR03
P0527,S0085,3/18/2017,1,1.81,35,1.95,PR14,,PR03
P0527,S0087,3/18/2017,0,0,14,1.95,PR14,,PR03
P0527,S0088,3/18/2017,0,0,27,1.95,PR14,,PR03
P0527,S0091,3/18/2017,0,0,20,1.95,PR14,,PR03
P0527,S0093,3/18/2017,0,0,22,1.95,PR14,,PR03
P0527,S0094,3/18/2017,0,0,5,1.95,PR14,,PR03
P0527,S0096,3/18/2017,1,1.81,21,1.95,PR14,,PR03
P0527,S0097,3/18/2017,0,0,11,1.95,PR14,,PR03
P0527,S0102,3/18/2017,0,0,26,1.95,PR14,,PR03
P0527,S0104,3/18/2017,0,0,11,1.95,PR14,,PR03
P0527,S0106,3/18/2017,0,0,6,1.95,PR14,,PR03
P0527,S0107,3/18/2017,0,0,7,1.95,PR14,,PR03
P0527,S0108,3/18/2017,0,0,26,1.95,PR14,,PR03
P0527,S0110,3/18/2017,3,5.42,3,1.95,PR14,,PR03
P0527,S0113,3/18/2017,0,0,8,1.95,PR14,,PR03
P0527,S0115,3/18/2017,0,0,10,1.95,PR14,,PR03
P0527,S0117,3/18/2017,0,0,6,1.95,PR14,,PR03
P0527,S0122,3/18/2017,0,0,8,1.39,PR14,,PR03
P0527,S0123,3/18/2017,0,0,18,1.95,PR14,,PR03
P0527,S0125,3/18/2017,1,1.81,15,1.95,PR14,,PR03
P0527,S0126,3/18/2017,0,0,21,1.95,PR14,,PR03
P0527,S0131,3/18/2017,0,0,15,1.95,PR14,,PR03
P0527,S0132,3/18/2017,0,0,21,1.95,PR14,,PR03
P0527,S0137,3/18/2017,1,1.81,17,1.95,PR14,,PR03
P0527,S0138,3/18/2017,0,0,12,1.95,PR14,,PR03
P0527,S0139,3/18/2017,0,0,20,1.95,PR14,,PR03
P0527,S0142,3/18/2017,0,0,2,1.95,PR14,,PR03
P0527,S0144,3/18/2017,0,0,19,1.95,PR14,,PR03
P0533,S0001,3/18/2017,0,0,14,7.75,PR14,,PR03
P0533,S0020,3/18/2017,1,7.18,11,7.75,PR14,,PR03
P0533,S0022,3/18/2017,0,0,9,7.75,PR14,,PR03
P0533,S0031,3/18/2017,0,0,17,7.75,PR14,,PR03
P0533,S0038,3/18/2017,0,0,10,7.75,PR14,,PR03
P0533,S0062,3/18/2017,0,0,5,7.75,PR14,,PR03
P0533,S0065,3/18/2017,0,0,19,7.75,PR14,,PR03
P0533,S0070,3/18/2017,0,0,12,7.75,PR14,,PR03
P0533,S0084,3/18/2017,0,0,12,7.75,PR14,,PR03
P0533,S0085,3/18/2017,0,0,17,7.75,PR14,,PR03
P0533,S0090,3/18/2017,0,0,27,7.75,PR14,,PR03
P0533,S0095,3/18/2017,0,0,79,7.75,PR14,,PR03
P0533,S0097,3/18/2017,1,7.18,26,7.75,PR14,,PR03
P0533,S0115,3/18/2017,1,7.18,10,7.75,PR14,,PR03
P0534,S0001,3/18/2017,0,0,3,2,PR14,,PR03
P0534,S0020,3/18/2017,0,0,26,2,PR14,,PR03
P0534,S0031,3/18/2017,1,1.85,12,2,PR14,,PR03
P0534,S0051,3/18/2017,0,0,1,2,PR14,,PR03
P0534,S0056,3/18/2017,0,0,12,2,PR14,,PR03
P0534,S0062,3/18/2017,0,0,13,2,PR14,,PR03
P0534,S0095,3/18/2017,0,0,25,2,PR14,,PR03
P0534,S0115,3/18/2017,0,0,22,2,PR14,,PR03
P0534,S0127,3/18/2017,0,0,2,2,PR14,,PR03
P0536,S0001,3/18/2017,0,0,6,3.15,PR14,,PR03
P0536,S0002,3/18/2017,2,5.83,40,3.15,PR14,,PR03
P0536,S0003,3/18/2017,0,0,12,3.15,PR14,,PR03
P0536,S0004,3/18/2017,1,2.92,22,3.15,PR14,,PR03
P0536,S0006,3/18/2017,0,0,10,3.15,PR14,,PR03
P0536,S0008,3/18/2017,0,0,16,3.15,PR14,,PR03
P0536,S0009,3/18/2017,0,0,13,3.15,PR14,,PR03
P0536,S0010,3/18/2017,2,5.83,4,3.15,PR14,,PR03
P0536,S0011,3/18/2017,0,0,13,3.15,PR14,,PR03
P0536,S0012,3/18/2017,0,0,15,3.15,PR14,,PR03
P0536,S0014,3/18/2017,0,0,7,3.15,PR14,,PR03
P0536,S0015,3/18/2017,1,2.92,15,3.15,PR14,,PR03
P0536,S0016,3/18/2017,0,0,4,3.15,PR14,,PR03
P0536,S0018,3/18/2017,0,0,8,3.15,PR14,,PR03
P0536,S0019,3/18/2017,0,0,22,3.15,PR14,,PR03
P0536,S0020,3/18/2017,0,0,21,3.15,PR14,,PR03
P0536,S0021,3/18/2017,1,2.92,18,3.15,PR14,,PR03
P0536,S0022,3/18/2017,1,2.92,3,3.15,PR14,,PR03
P0536,S0023,3/18/2017,1,2.92,31,3.15,PR14,,PR03
P0536,S0024,3/18/2017,1,2.92,33,3.15,PR14,,PR03
P0536,S0025,3/18/2017,0,0,22,3.15,PR14,,PR03
P0536,S0026,3/18/2017,2,5.83,26,3.15,PR14,,PR03
P0536,S0027,3/18/2017,0,0,30,3.15,PR14,,PR03
P0536,S0030,3/18/2017,0,0,6,3.15,PR14,,PR03
P0536,S0031,3/18/2017,1,2.92,17,3.15,PR14,,PR03
P0536,S0032,3/18/2017,1,2.92,10,3.15,PR14,,PR03
P0536,S0033,3/18/2017,0,0,12,3.15,PR14,,PR03
P0536,S0034,3/18/2017,0,0,3,3.15,PR14,,PR03
P0536,S0035,3/18/2017,1,2.92,16,3.15,PR14,,PR03
P0536,S0038,3/18/2017,1,2.92,14,3.15,PR14,,PR03
P0536,S0039,3/18/2017,1,2.92,9,3.15,PR14,,PR03
P0536,S0040,3/18/2017,6,17.5,38,3.15,PR14,,PR03
P0536,S0043,3/18/2017,0,0,34,3.15,PR14,,PR03
P0536,S0044,3/18/2017,0,0,5,3.15,PR14,,PR03
P0536,S0045,3/18/2017,3,8.75,2,3.15,PR14,,PR03
P0536,S0049,3/18/2017,1,2.92,4,3.15,PR14,,PR03
P0536,S0050,3/18/2017,0,0,13,3.15,PR14,,PR03
P0536,S0051,3/18/2017,0,0,14,3.15,PR14,,PR03
P0536,S0052,3/18/2017,0,0,8,3.15,PR14,,PR03
P0536,S0053,3/18/2017,0,0,16,3.15,PR14,,PR03
P0536,S0054,3/18/2017,0,0,15,3.15,PR14,,PR03
P0536,S0055,3/18/2017,1,2.92,14,3.15,PR14,,PR03
P0536,S0056,3/18/2017,0,0,14,3.15,PR14,,PR03
P0536,S0058,3/18/2017,2,5.83,10,3.15,PR14,,PR03
P0536,S0060,3/18/2017,0,0,30,3.15,PR14,,PR03
P0536,S0062,3/18/2017,2,5.83,25,3.15,PR14,,PR03
P0536,S0063,3/18/2017,2,5.83,3,3.15,PR14,,PR03
P0536,S0065,3/18/2017,0,0,15,2.95,PR14,,PR03
P0536,S0066,3/18/2017,1,2.92,19,3.15,PR14,,PR03
P0536,S0067,3/18/2017,0,0,23,3.15,PR14,,PR03
P0536,S0068,3/18/2017,0,0,12,3.15,PR14,,PR03
P0536,S0070,3/18/2017,0,0,26,3.15,PR14,,PR03
P0536,S0073,3/18/2017,1,2.92,7,3.15,PR14,,PR03
P0536,S0074,3/18/2017,0,0,11,3.15,PR14,,PR03
P0536,S0077,3/18/2017,0,0,14,3.15,PR14,,PR03
P0536,S0078,3/18/2017,0,0,14,3.15,PR14,,PR03
P0536,S0080,3/18/2017,0,0,36,3.15,PR14,,PR03
P0536,S0082,3/18/2017,0,0,24,3.15,PR14,,PR03
P0536,S0083,3/18/2017,0,0,13,3.15,PR14,,PR03
P0536,S0084,3/18/2017,2,5.83,33,3.15,PR14,,PR03
P0536,S0085,3/18/2017,2,5.83,8,3.15,PR14,,PR03
P0536,S0087,3/18/2017,2,5.83,14,3.15,PR14,,PR03
P0536,S0088,3/18/2017,2,5.83,3,3.15,PR14,,PR03
P0536,S0089,3/18/2017,0,0,21,3.15,PR14,,PR03
P0536,S0090,3/18/2017,0,0,11,2.95,PR14,,PR03
P0536,S0091,3/18/2017,2,5.83,21,3.15,PR14,,PR03
P0536,S0093,3/18/2017,0,0,4,3.15,PR14,,PR03
P0536,S0094,3/18/2017,2,5.83,21,3.15,PR14,,PR03
P0536,S0095,3/18/2017,0,0,12,2.95,PR14,,PR03
P0536,S0096,3/18/2017,1,2.92,7,3.15,PR14,,PR03
P0536,S0097,3/18/2017,0,0,29,3.15,PR14,,PR03
P0536,S0099,3/18/2017,0,0,16,3.15,PR14,,PR03
P0536,S0102,3/18/2017,2,5.83,14,3.15,PR14,,PR03
P0536,S0103,3/18/2017,0,0,14,3.15,PR14,,PR03
P0536,S0104,3/18/2017,2,5.83,28,3.15,PR14,,PR03
P0536,S0105,3/18/2017,1,2.92,7,3.15,PR14,,PR03
P0536,S0106,3/18/2017,0,0,19,3.15,PR14,,PR03
P0536,S0107,3/18/2017,0,0,12,3.15,PR14,,PR03
P0536,S0108,3/18/2017,0,0,1,3.15,PR14,,PR03
P0536,S0110,3/18/2017,1,2.92,21,3.15,PR14,,PR03
P0536,S0113,3/18/2017,2,5.83,52,3.15,PR14,,PR03
P0536,S0115,3/18/2017,1,2.92,30,3.15,PR14,,PR03
P0536,S0116,3/18/2017,1,2.92,12,3.15,PR14,,PR03
P0536,S0117,3/18/2017,0,0,7,3.15,PR14,,PR03
P0536,S0119,3/18/2017,1,2.92,13,3.15,PR14,,PR03
P0536,S0120,3/18/2017,0,0,11,3.15,PR14,,PR03
P0536,S0122,3/18/2017,0,0,27,3.15,PR14,,PR03
P0536,S0123,3/18/2017,1,2.92,0,3.15,PR14,,PR03
P0536,S0124,3/18/2017,1,2.92,15,3.15,PR14,,PR03
P0536,S0125,3/18/2017,2,5.83,21,3.15,PR14,,PR03
P0536,S0126,3/18/2017,0,0,15,3.15,PR14,,PR03
P0536,S0127,3/18/2017,1,2.92,9,3.15,PR14,,PR03
P0536,S0130,3/18/2017,0,0,1,3.15,PR14,,PR03
P0536,S0131,3/18/2017,1,2.92,9,3.15,PR14,,PR03
P0536,S0132,3/18/2017,1,2.92,20,3.15,PR14,,PR03
P0536,S0135,3/18/2017,2,5.83,12,3.15,PR14,,PR03
P0536,S0137,3/18/2017,0,0,9,3.15,PR14,,PR03
P0536,S0138,3/18/2017,1,2.92,27,3.15,PR14,,PR03
P0536,S0139,3/18/2017,0,0,18,3.15,PR14,,PR03
P0536,S0140,3/18/2017,2,5.83,17,3.15,PR14,,PR03
P0536,S0141,3/18/2017,0,0,16,3.15,PR14,,PR03
P0536,S0142,3/18/2017,0,0,67,3.15,PR14,,PR03
P0536,S0143,3/18/2017,0,0,6,3.15,PR14,,PR03
P0536,S0144,3/18/2017,0,0,10,3.15,PR14,,PR03
P0543,S0001,3/18/2017,0,0,30,2.5,PR14,,PR03
P0543,S0002,3/18/2017,0,0,13,2.5,PR14,,PR03
P0543,S0004,3/18/2017,0,0,9,2.5,PR14,,PR03
P0543,S0008,3/18/2017,0,0,24,2.5,PR14,,PR03
P0543,S0010,3/18/2017,0,0,19,2.5,PR14,,PR03
P0543,S0012,3/18/2017,0,0,27,2.5,PR14,,PR03
P0543,S0013,3/18/2017,1,2.31,17,2.5,PR14,,PR03
P0543,S0015,3/18/2017,1,2.31,16,2.5,PR14,,PR03
P0543,S0020,3/18/2017,0,0,31,2.5,PR14,,PR03
P0543,S0022,3/18/2017,2,4.63,25,2.5,PR14,,PR03
P0543,S0023,3/18/2017,0,0,25,2.5,PR14,,PR03
P0543,S0024,3/18/2017,0,0,21,2.5,PR14,,PR03
P0543,S0025,3/18/2017,0,0,8,2.5,PR14,,PR03
P0543,S0026,3/18/2017,0,0,20,2.5,PR14,,PR03
P0543,S0027,3/18/2017,0,0,23,2.5,PR14,,PR03
P0543,S0031,3/18/2017,0,0,5,2.5,PR14,,PR03
P0543,S0035,3/18/2017,0,0,16,2.5,PR14,,PR03
P0543,S0038,3/18/2017,0,0,12,2.5,PR14,,PR03
P0543,S0040,3/18/2017,1,2.31,17,2.5,PR14,,PR03
P0543,S0043,3/18/2017,0,0,30,2.5,PR14,,PR03
P0543,S0045,3/18/2017,0,0,16,2.5,PR14,,PR03
P0543,S0049,3/18/2017,0,0,16,2.5,PR14,,PR03
P0543,S0050,3/18/2017,1,2.31,23,2.5,PR14,,PR03
P0543,S0051,3/18/2017,1,2.31,25,2.5,PR14,,PR03
P0543,S0052,3/18/2017,0,0,26,2.5,PR14,,PR03
P0543,S0055,3/18/2017,3,6.94,45,2.5,PR14,,PR03
P0543,S0056,3/18/2017,0,0,20,2.5,PR14,,PR03
P0543,S0058,3/18/2017,1,2.31,10,2.5,PR14,,PR03
P0543,S0060,3/18/2017,0,0,15,2.5,PR14,,PR03
P0543,S0062,3/18/2017,1,2.31,26,2.5,PR14,,PR03
P0543,S0063,3/18/2017,0,0,12,2.5,PR14,,PR03
P0543,S0065,3/18/2017,1,2.31,13,2.5,PR14,,PR03
P0543,S0066,3/18/2017,0,0,7,2.5,PR14,,PR03
P0543,S0067,3/18/2017,1,2.31,15,2.5,PR14,,PR03
P0543,S0070,3/18/2017,0,0,19,2.5,PR14,,PR03
P0543,S0073,3/18/2017,0,0,28,2.5,PR14,,PR03
P0543,S0078,3/18/2017,0,0,26,2.5,PR14,,PR03
P0543,S0082,3/18/2017,0,0,7,2.5,PR14,,PR03
P0543,S0083,3/18/2017,0,0,10,2.5,PR14,,PR03
P0543,S0084,3/18/2017,0,0,19,2.5,PR14,,PR03
P0543,S0085,3/18/2017,1,2.31,13,2.5,PR14,,PR03
P0543,S0087,3/18/2017,0,0,15,2.5,PR14,,PR03
P0543,S0088,3/18/2017,0,0,7,2.5,PR14,,PR03
P0543,S0090,3/18/2017,1,2.31,23,2.5,PR14,,PR03
P0543,S0091,3/18/2017,0,0,27,2.5,PR14,,PR03
P0543,S0093,3/18/2017,0,0,24,2.5,PR14,,PR03
P0543,S0094,3/18/2017,1,2.31,20,2.5,PR14,,PR03
P0543,S0095,3/18/2017,0,0,13,2.5,PR14,,PR03
P0543,S0096,3/18/2017,0,0,21,2.5,PR14,,PR03
P0543,S0097,3/18/2017,0,0,23,2.5,PR14,,PR03
P0543,S0102,3/18/2017,0,0,10,2.5,PR14,,PR03
P0543,S0104,3/18/2017,0,0,11,2.5,PR14,,PR03
P0543,S0105,3/18/2017,1,2.31,14,2.5,PR14,,PR03
P0543,S0106,3/18/2017,0,0,6,2.5,PR14,,PR03
P0543,S0107,3/18/2017,0,0,23,2.5,PR14,,PR03
P0543,S0108,3/18/2017,0,0,9,2.5,PR14,,PR03
P0543,S0110,3/18/2017,2,4.63,29,2.5,PR14,,PR03
P0543,S0113,3/18/2017,0,0,29,2.5,PR14,,PR03
P0543,S0115,3/18/2017,2,4.63,29,2.5,PR14,,PR03
P0543,S0117,3/18/2017,0,0,10,2.5,PR14,,PR03
P0543,S0122,3/18/2017,1,2.31,20,2.5,PR14,,PR03
P0543,S0123,3/18/2017,0,0,10,2.5,PR14,,PR03
P0543,S0125,3/18/2017,0,0,4,2.5,PR14,,PR03
P0543,S0126,3/18/2017,1,2.31,24,2.5,PR14,,PR03
P0543,S0131,3/18/2017,0,0,25,2.5,PR14,,PR03
P0543,S0132,3/18/2017,1,2.31,4,2.5,PR14,,PR03
P0543,S0137,3/18/2017,0,0,26,2.5,PR14,,PR03
P0543,S0138,3/18/2017,0,0,4,2.5,PR14,,PR03
P0543,S0139,3/18/2017,0,0,5,2.5,PR14,,PR03
P0543,S0142,3/18/2017,0,0,19,2.5,PR14,,PR03
P0543,S0144,3/18/2017,0,0,22,2.5,PR14,,PR03
P0550,S0065,3/18/2017,1.06,63.58,0,64.9,PR14,,PR03
P0550,S0090,3/18/2017,1,59.97,0,64.9,PR14,,PR03
P0550,S0095,3/18/2017,1.4,83.89,0,64.9,PR14,,PR03
P0551,S0001,3/18/2017,0,0,26,1.85,PR14,,PR03
P0551,S0002,3/18/2017,0,0,15,1.85,PR14,,PR03
P0551,S0003,3/18/2017,1,1.71,30,1.85,PR14,,PR03
P0551,S0004,3/18/2017,0,0,5,1.85,PR14,,PR03
P0551,S0006,3/18/2017,0,0,16,1.85,PR14,,PR03
P0551,S0008,3/18/2017,0,0,24,1.85,PR14,,PR03
P0551,S0009,3/18/2017,1,1.71,13,1.85,PR14,,PR03
P0551,S0010,3/18/2017,0,0,17,1.85,PR14,,PR03
P0551,S0012,3/18/2017,1,1.71,13,1.85,PR14,,PR03
P0551,S0013,3/18/2017,0,0,9,1.85,PR14,,PR03
P0551,S0014,3/18/2017,0,0,15,1.85,PR14,,PR03
P0551,S0015,3/18/2017,0,0,24,1.85,PR14,,PR03
P0551,S0018,3/18/2017,0,0,7,1.85,PR14,,PR03
P0551,S0019,3/18/2017,0,0,6,1.85,PR14,,PR03
P0551,S0021,3/18/2017,0,0,23,1.85,PR14,,PR03
P0551,S0022,3/18/2017,0,0,23,1.85,PR14,,PR03
P0551,S0023,3/18/2017,0,0,26,1.85,PR14,,PR03
P0551,S0024,3/18/2017,1,1.71,3,1.85,PR14,,PR03
P0551,S0025,3/18/2017,0,0,12,1.85,PR14,,PR03
P0551,S0026,3/18/2017,1,1.71,32,1.85,PR14,,PR03
P0551,S0027,3/18/2017,0,0,11,1.85,PR14,,PR03
P0551,S0030,3/18/2017,0,0,19,1.85,PR14,,PR03
P0551,S0031,3/18/2017,0,0,3,1.85,PR14,,PR03
P0551,S0032,3/18/2017,0,0,9,1.85,PR14,,PR03
P0551,S0033,3/18/2017,2,3.43,20,1.85,PR14,,PR03
P0551,S0034,3/18/2017,0,0,2,1.85,PR14,,PR03
P0551,S0035,3/18/2017,0,0,11,1.85,PR14,,PR03
P0551,S0038,3/18/2017,0,0,3,1.85,PR14,,PR03
P0551,S0039,3/18/2017,0,0,9,1.85,PR14,,PR03
P0551,S0041,3/18/2017,1,1.71,33,1.85,PR14,,PR03
P0551,S0044,3/18/2017,0,0,8,1.85,PR14,,PR03
P0551,S0045,3/18/2017,0,0,21,1.85,PR14,,PR03
P0551,S0049,3/18/2017,0,0,49,1.85,PR14,,PR03
P0551,S0050,3/18/2017,0,0,26,1.85,PR14,,PR03
P0551,S0051,3/18/2017,0,0,17,1.85,PR14,,PR03
P0551,S0052,3/18/2017,0,0,21,1.85,PR14,,PR03
P0551,S0053,3/18/2017,0,0,2,1.85,PR14,,PR03
P0551,S0054,3/18/2017,0,0,23,1.85,PR14,,PR03
P0551,S0056,3/18/2017,1,1.71,16,1.85,PR14,,PR03
P0551,S0058,3/18/2017,0,0,22,1.85,PR14,,PR03
P0551,S0060,3/18/2017,0,0,7,1.85,PR14,,PR03
P0551,S0062,3/18/2017,0,0,19,1.85,PR14,,PR03
P0551,S0063,3/18/2017,0,0,10,1.85,PR14,,PR03
P0551,S0065,3/18/2017,0,0,23,1.85,PR14,,PR03
P0551,S0066,3/18/2017,1,1.71,1,1.85,PR14,,PR03
P0551,S0068,3/18/2017,0,0,22,1.85,PR14,,PR03
P0551,S0070,3/18/2017,1,1.71,9,1.85,PR14,,PR03
P0551,S0073,3/18/2017,0,0,4,1.85,PR14,,PR03
P0551,S0074,3/18/2017,0,0,1,1.85,PR14,,PR03
P0551,S0078,3/18/2017,0,0,5,1.85,PR14,,PR03
P0551,S0080,3/18/2017,0,0,31,1.85,PR14,,PR03
P0551,S0082,3/18/2017,0,0,17,1.85,PR14,,PR03
P0551,S0083,3/18/2017,0,0,6,1.85,PR14,,PR03
P0551,S0084,3/18/2017,0,0,18,1.85,PR14,,PR03
P0551,S0085,3/18/2017,5,8.56,26,1.85,PR14,,PR03
P0551,S0086,3/18/2017,1,1.71,8,1.85,PR14,,PR03
P0551,S0087,3/18/2017,0,0,24,1.85,PR14,,PR03
P0551,S0088,3/18/2017,0,0,19,1.85,PR14,,PR03
P0551,S0089,3/18/2017,0,0,15,1.85,PR14,,PR03
P0551,S0091,3/18/2017,0,0,10,1.85,PR14,,PR03
P0551,S0093,3/18/2017,0,0,24,1.85,PR14,,PR03
P0551,S0094,3/18/2017,1,1.71,19,1.85,PR14,,PR03
P0551,S0095,3/18/2017,0,0,19,1.85,PR14,,PR03
P0551,S0097,3/18/2017,0,0,17,1.85,PR14,,PR03
P0551,S0102,3/18/2017,2,3.43,22,1.85,PR14,,PR03
P0551,S0103,3/18/2017,0,0,2,1.85,PR14,,PR03
P0551,S0104,3/18/2017,2,3.43,19,1.85,PR14,,PR03
P0551,S0105,3/18/2017,0,0,7,1.85,PR14,,PR03
P0551,S0106,3/18/2017,0,0,10,1.85,PR14,,PR03
P0585,S0062,3/18/2017,1,11.99,10,12.95,PR14,,PR03
P0585,S0065,3/18/2017,0,0,2,12.95,PR14,,PR03
P0585,S0066,3/18/2017,0,0,4,12.95,PR14,,PR03
P0585,S0085,3/18/2017,0,0,18,12.95,PR14,,PR03
P0585,S0094,3/18/2017,0,0,5,12.95,PR14,,PR03
P0585,S0096,3/18/2017,0,0,3,12.95,PR14,,PR03
P0585,S0097,3/18/2017,0,0,1,12.95,PR14,,PR03
P0585,S0102,3/18/2017,0,0,7,12.95,PR14,,PR03
P0585,S0104,3/18/2017,0,0,10,12.95,PR14,,PR03
P0585,S0108,3/18/2017,0,0,7,12.95,PR14,,PR03
P0585,S0110,3/18/2017,0,0,8,12.95,PR14,,PR03
P0585,S0115,3/18/2017,0,0,2,12.95,PR14,,PR03
P0585,S0125,3/18/2017,1,11.99,2,12.95,PR14,,PR03
P0585,S0126,3/18/2017,0,0,5,12.95,PR14,,PR03
P0585,S0132,3/18/2017,0,0,2,12.95,PR14,,PR03
P0585,S0138,3/18/2017,0,0,6,12.95,PR14,,PR03
P0585,S0142,3/18/2017,0,0,11,12.95,PR14,,PR03
P0587,S0001,3/18/2017,0,0,7,3.99,PR14,,PR03
P0587,S0002,3/18/2017,0,0,16,3.99,PR14,,PR03
P0587,S0004,3/18/2017,0,0,13,3.99,PR14,,PR03
P0587,S0008,3/18/2017,0,0,17,3.99,PR14,,PR03
P0587,S0010,3/18/2017,0,0,20,3.99,PR14,,PR03
P0587,S0012,3/18/2017,0,0,11,3.99,PR14,,PR03
P0587,S0013,3/18/2017,0,0,9,3.99,PR14,,PR03
P0587,S0015,3/18/2017,0,0,9,3.99,PR14,,PR03
P0587,S0018,3/18/2017,0,0,13,3.99,PR14,,PR03
P0587,S0020,3/18/2017,0,0,31,3.99,PR14,,PR03
P0587,S0022,3/18/2017,0,0,3,3.99,PR14,,PR03
P0587,S0023,3/18/2017,0,0,23,3.99,PR14,,PR03
P0587,S0024,3/18/2017,0,0,10,3.99,PR14,,PR03
P0587,S0025,3/18/2017,0,0,15,3.99,PR14,,PR03
P0587,S0026,3/18/2017,0,0,3,3.99,PR14,,PR03
P0587,S0027,3/18/2017,0,0,1,3.99,PR14,,PR03
P0587,S0031,3/18/2017,0,0,13,3.99,PR14,,PR03
P0587,S0035,3/18/2017,0,0,14,3.99,PR14,,PR03
P0587,S0038,3/18/2017,0,0,37,3.99,PR14,,PR03
P0587,S0040,3/18/2017,0,0,1,3.99,PR14,,PR03
P0587,S0043,3/18/2017,0,0,10,3.99,PR14,,PR03
P0587,S0045,3/18/2017,1,3.38,18,3.99,PR14,,PR03
P0587,S0049,3/18/2017,0,0,12,3.99,PR14,,PR03
P0587,S0050,3/18/2017,0,0,45,3.99,PR14,,PR03
P0587,S0051,3/18/2017,0,0,16,3.99,PR14,,PR03
P0587,S0052,3/18/2017,1,3.38,9,3.99,PR14,,PR03
P0587,S0055,3/18/2017,0,0,8,3.99,PR14,,PR03
P0587,S0056,3/18/2017,0,0,23,3.99,PR14,,PR03
P0587,S0058,3/18/2017,1,3.38,11,3.99,PR14,,PR03
P0587,S0060,3/18/2017,0,0,22,3.99,PR14,,PR03
P0587,S0062,3/18/2017,0,0,41,3.99,PR14,,PR03
P0587,S0065,3/18/2017,0,0,10,3.99,PR14,,PR03
P0587,S0066,3/18/2017,0,0,16,3.99,PR14,,PR03
P0587,S0067,3/18/2017,0,0,16,3.99,PR14,,PR03
P0587,S0070,3/18/2017,0,0,15,3.99,PR14,,PR03
P0587,S0073,3/18/2017,0,0,19,3.99,PR14,,PR03
P0587,S0078,3/18/2017,0,0,13,3.99,PR14,,PR03
P0587,S0082,3/18/2017,0,0,10,3.99,PR14,,PR03
P0587,S0083,3/18/2017,0,0,16,3.99,PR14,,PR03
P0587,S0084,3/18/2017,1,3.38,9,3.99,PR14,,PR03
P0587,S0085,3/18/2017,1,3.38,39,3.99,PR14,,PR03
P0587,S0087,3/18/2017,0,0,3,3.99,PR14,,PR03
P0587,S0088,3/18/2017,0,0,19,3.99,PR14,,PR03
P0587,S0090,3/18/2017,0,0,18,3.99,PR14,,PR03
P0587,S0091,3/18/2017,0,0,9,3.99,PR14,,PR03
P0587,S0093,3/18/2017,0,0,19,3.99,PR14,,PR03
P0587,S0094,3/18/2017,0,0,21,3.99,PR14,,PR03
P0587,S0095,3/18/2017,0,0,1,3.99,PR14,,PR03
P0587,S0096,3/18/2017,0,0,5,3.99,PR14,,PR03
P0587,S0097,3/18/2017,0,0,3,3.99,PR14,,PR03
P0587,S0102,3/18/2017,0,0,5,3.99,PR14,,PR03
P0587,S0103,3/18/2017,0,0,14,3.99,PR14,,PR03
P0587,S0104,3/18/2017,1,3.38,23,3.99,PR14,,PR03
P0587,S0105,3/18/2017,0,0,5,3.99,PR14,,PR03
P0587,S0106,3/18/2017,0,0,12,3.99,PR14,,PR03
P0587,S0107,3/18/2017,0,0,20,3.99,PR14,,PR03
P0587,S0108,3/18/2017,0,0,16,3.99,PR14,,PR03
P0587,S0110,3/18/2017,1,3.38,15,3.99,PR14,,PR03
P0587,S0113,3/18/2017,1,3.38,20,3.99,PR14,,PR03
P0587,S0115,3/18/2017,0,0,19,3.99,PR14,,PR03
P0587,S0117,3/18/2017,0,0,19,3.99,PR14,,PR03
P0587,S0122,3/18/2017,0,0,5,3.99,PR14,,PR03
P0587,S0123,3/18/2017,0,0,7,3.99,PR14,,PR03
P0587,S0125,3/18/2017,0,0,10,3.99,PR14,,PR03
P0587,S0126,3/18/2017,0,0,16,3.99,PR14,,PR03
P0587,S0131,3/18/2017,0,0,24,3.99,PR14,,PR03
P0587,S0132,3/18/2017,0,0,6,3.99,PR14,,PR03
P0587,S0137,3/18/2017,0,0,17,3.99,PR14,,PR03
P0587,S0138,3/18/2017,0,0,13,3.99,PR14,,PR03
P0587,S0139,3/18/2017,1,3.38,12,3.99,PR14,,PR03
P0587,S0142,3/18/2017,0,0,13,3.99,PR14,,PR03
P0587,S0144,3/18/2017,0,0,20,3.99,PR14,,PR03
P0590,S0001,3/18/2017,0,0,17,0.5,PR14,,PR03
P0590,S0002,3/18/2017,0,0,21,0.5,PR14,,PR03
P0590,S0003,3/18/2017,7,3.24,23,0.5,PR14,,PR03
P0590,S0004,3/18/2017,3,1.39,113,0.5,PR14,,PR03
P0590,S0006,3/18/2017,1,0.46,47,0.5,PR14,,PR03
P0590,S0008,3/18/2017,7,3.24,28,0.5,PR14,,PR03
P0590,S0009,3/18/2017,2,0.93,112,0.5,PR14,,PR03
P0590,S0010,3/18/2017,0,0,2,0.5,PR14,,PR03
P0590,S0011,3/18/2017,0,0,11,0.5,PR14,,PR03
P0590,S0012,3/18/2017,6,2.22,0,0.4,PR14,,PR03
P0590,S0013,3/18/2017,1,0.37,62,0.4,PR14,,PR03
P0590,S0014,3/18/2017,0,0,26,0.5,PR14,,PR03
P0590,S0015,3/18/2017,0,0,37,0.5,PR14,,PR03
P0590,S0016,3/18/2017,1,0.46,76,0.5,PR14,,PR03
P0590,S0018,3/18/2017,0,0,78,0.4,PR14,,PR03
P0590,S0019,3/18/2017,0,0,84,0.5,PR14,,PR03
P0590,S0020,3/18/2017,6,2.78,52,0.5,PR14,,PR03
P0590,S0021,3/18/2017,2,0.93,32,0.5,PR14,,PR03
P0590,S0022,3/18/2017,2,0.93,17,0.5,PR14,,PR03
P0590,S0023,3/18/2017,0,0,28,0.5,PR14,,PR03
P0590,S0024,3/18/2017,24,11.11,9,0.5,PR14,,PR03
P0590,S0025,3/18/2017,1,0.46,99,0.5,PR14,,PR03
P0590,S0026,3/18/2017,4,1.85,69,0.5,PR14,,PR03
P0590,S0027,3/18/2017,0,0,8,0.5,PR14,,PR03
P0590,S0030,3/18/2017,1,0.46,54,0.5,PR14,,PR03
P0590,S0031,3/18/2017,5,2.31,20,0.5,PR14,,PR03
P0590,S0032,3/18/2017,5,2.31,42,0.5,PR14,,PR03
P0590,S0033,3/18/2017,7,3.24,24,0.5,PR14,,PR03
P0590,S0034,3/18/2017,8,3.7,0,0.5,PR14,,PR03
P0590,S0035,3/18/2017,1,0.46,15,0.5,PR14,,PR03
P0590,S0038,3/18/2017,24,11.11,129,0.5,PR14,,PR03
P0590,S0039,3/18/2017,2,0.93,22,0.5,PR14,,PR03
P0590,S0040,3/18/2017,0,0,13,0.4,PR14,,PR03
P0590,S0041,3/18/2017,0,0,39,0.5,PR14,,PR03
P0590,S0044,3/18/2017,4,1.85,39,0.5,PR14,,PR03
P0590,S0045,3/18/2017,0,0,9,0.5,PR14,,PR03
P0590,S0049,3/18/2017,0,0,42,0.5,PR14,,PR03
P0590,S0050,3/18/2017,0,0,9,0.5,PR14,,PR03
P0590,S0051,3/18/2017,2,0.93,5,0.5,PR14,,PR03
P0590,S0052,3/18/2017,2,0.93,3,0.5,PR14,,PR03
P0590,S0053,3/18/2017,0,0,16,0.5,PR14,,PR03
P0590,S0054,3/18/2017,1,0.46,27,0.5,PR14,,PR03
P0590,S0055,3/18/2017,0,0,13,0.5,PR14,,PR03
P0590,S0056,3/18/2017,0,0,33,0.5,PR14,,PR03
P0590,S0058,3/18/2017,1,0.46,25,0.5,PR14,,PR03
P0590,S0060,3/18/2017,0,0,11,0.4,PR14,,PR03
P0590,S0062,3/18/2017,1,0.46,7,0.5,PR14,,PR03
P0590,S0063,3/18/2017,0,0,9,0.5,PR14,,PR03
P0590,S0066,3/18/2017,0,0,6,0.5,PR14,,PR03
P0590,S0067,3/18/2017,1,0.46,16,0.5,PR14,,PR03
P0590,S0068,3/18/2017,1,0.46,19,0.5,PR14,,PR03
P0590,S0070,3/18/2017,0,0,44,0.5,PR14,,PR03
P0590,S0073,3/18/2017,0,0,13,0.5,PR14,,PR03
P0590,S0074,3/18/2017,1,0.46,15,0.5,PR14,,PR03
P0590,S0077,3/18/2017,3,1.39,60,0.5,PR14,,PR03
P0590,S0078,3/18/2017,0,0,38,0.5,PR14,,PR03
P0590,S0080,3/18/2017,21,9.72,87,0.5,PR14,,PR03
P0590,S0082,3/18/2017,0,0,48,0.5,PR14,,PR03
P0590,S0083,3/18/2017,0,0,17,0.5,PR14,,PR03
P0590,S0084,3/18/2017,2,0.93,22,0.5,PR14,,PR03
P0590,S0085,3/18/2017,4,1.85,842,0.5,PR14,,PR03
P0590,S0086,3/18/2017,1,0.46,16,0.5,PR14,,PR03
P0590,S0087,3/18/2017,0,0,26,0.5,PR14,,PR03
P0590,S0088,3/18/2017,0,0,17,0.5,PR14,,PR03
P0590,S0089,3/18/2017,0,0,53,0.5,PR14,,PR03
P0590,S0091,3/18/2017,1,0.46,20,0.5,PR14,,PR03
P0590,S0093,3/18/2017,0,0,18,0.5,PR14,,PR03
P0590,S0094,3/18/2017,3,1.39,61,0.5,PR14,,PR03
P0590,S0096,3/18/2017,22,8.15,135,0.4,PR14,,PR03
P0590,S0097,3/18/2017,12,5.56,61,0.5,PR14,,PR03
P0590,S0099,3/18/2017,0,0,9,0.5,PR14,,PR03
P0590,S0102,3/18/2017,0,0,123,0.4,PR14,,PR03
P0590,S0103,3/18/2017,0,0,13,0.5,PR14,,PR03
P0590,S0104,3/18/2017,0,0,54,0.5,PR14,,PR03
P0590,S0105,3/18/2017,1,0.46,17,0.5,PR14,,PR03
P0590,S0106,3/18/2017,8,3.7,71,0.5,PR14,,PR03
P0590,S0107,3/18/2017,1,0.46,4,0.5,PR14,,PR03
P0590,S0108,3/18/2017,0,0,13,0.4,PR14,,PR03
P0590,S0110,3/18/2017,0,0,45,0.5,PR14,,PR03
P0590,S0113,3/18/2017,1,0.46,105,0.5,PR14,,PR03
P0590,S0115,3/18/2017,7,3.24,48,0.5,PR14,,PR03
P0590,S0116,3/18/2017,0,0,23,0.5,PR14,,PR03
P0590,S0117,3/18/2017,0,0,20,0.5,PR14,,PR03
P0590,S0119,3/18/2017,0,0,16,0.5,PR14,,PR03
P0590,S0120,3/18/2017,0,0,12,0.5,PR14,,PR03
P0590,S0122,3/18/2017,0,0,27,0.5,PR14,,PR03
P0590,S0123,3/18/2017,9,4.17,9,0.5,PR14,,PR03
P0590,S0124,3/18/2017,3,1.39,18,0.5,PR14,,PR03
P0590,S0125,3/18/2017,6,2.78,4,0.5,PR14,,PR03
P0590,S0126,3/18/2017,0,0,9,0.5,PR14,,PR03
P0590,S0127,3/18/2017,0,0,5,0.4,PR14,,PR03
P0590,S0130,3/18/2017,0,0,49,0.5,PR14,,PR03
P0590,S0131,3/18/2017,2,0.93,12,0.5,PR14,,PR03
P0590,S0132,3/18/2017,0,0,14,0.5,PR14,,PR03
P0590,S0135,3/18/2017,2,0.93,5,0.5,PR14,,PR03
P0590,S0137,3/18/2017,4,1.85,7,0.5,PR14,,PR03
P0590,S0138,3/18/2017,9,4.17,48,0.5,PR14,,PR03
P0590,S0139,3/18/2017,0,0,12,0.5,PR14,,PR03
P0590,S0140,3/18/2017,0,0,24,0.5,PR14,,PR03
P0590,S0141,3/18/2017,6,2.22,17,0.4,PR14,,PR03
P0590,S0142,3/18/2017,0,0,23,0.5,PR14,,PR03
P0590,S0143,3/18/2017,13,6.02,19,0.5,PR14,,PR03
P0590,S0144,3/18/2017,0,0,12,0.5,PR14,,PR03
P0591,S0001,3/18/2017,0,0,6,7.45,PR05,verylow,PR03
P0591,S0002,3/18/2017,0,0,4,7.45,PR05,verylow,PR03
P0591,S0012,3/18/2017,0,0,6,7.45,PR05,verylow,PR03
P0591,S0013,3/18/2017,0,0,6,7.45,PR05,verylow,PR03
P0591,S0020,3/18/2017,0,0,4,7.45,PR05,verylow,PR03
P0591,S0023,3/18/2017,0,0,6,7.45,PR05,verylow,PR03
P0591,S0024,3/18/2017,0,0,6,7.45,PR05,verylow,PR03
P0591,S0026,3/18/2017,0,0,6,7.45,PR05,verylow,PR03
P0591,S0031,3/18/2017,0,0,6,7.45,PR05,verylow,PR03
P0591,S0035,3/18/2017,0,0,4,7.45,PR05,verylow,PR03
P0591,S0038,3/18/2017,0,0,6,7.45,PR05,verylow,PR03
P0591,S0040,3/18/2017,0,0,6,7.45,PR05,verylow,PR03
P0591,S0043,3/18/2017,0,0,6,7.45,PR05,verylow,PR03
P0591,S0050,3/18/2017,0,0,6,7.45,PR05,verylow,PR03
P0591,S0051,3/18/2017,0,0,5,7.45,PR05,verylow,PR03
P0420,S0062,3/21/2017,0,0,612,0.6,PR14,,PR03
P0420,S0066,3/21/2017,0,0,525,0.6,PR14,,PR03
P0420,S0070,3/21/2017,0,0,134,0.6,PR14,,PR03
P0420,S0085,3/21/2017,0,0,205,0.6,PR14,,PR03
P0420,S0087,3/21/2017,0,0,55,0.6,PR14,,PR03
P0420,S0094,3/21/2017,0,0,178,0.6,PR14,,PR03
